#
# There is insufficient memory for the Java Runtime Environment to continue.
# Native memory allocation (malloc) failed to allocate 512576 bytes. Error detail: Chunk::new
# Possible reasons:
#   The system is out of physical RAM or swap space
#   This process is running with CompressedOops enabled, and the Java Heap may be blocking the growth of the native heap
# Possible solutions:
#   Reduce memory load on the system
#   Increase physical memory or swap space
#   Check if swap backing store is full
#   Decrease Java heap size (-Xmx/-Xms)
#   Decrease number of Java threads
#   Decrease Java thread stack sizes (-Xss)
#   Set larger code cache with -XX:ReservedCodeCacheSize=
#   JVM is running with Unscaled Compressed Oops mode in which the Java heap is
#     placed in the first 4GB address space. The Java Heap base address is the
#     maximum limit for the native heap growth. Please use -XX:HeapBaseMinAddress
#     to set the Java Heap base and to place the Java Heap above 4GB virtual address.
# This output file may be truncated or incomplete.
#
#  Out of Memory Error (arena.cpp:191), pid=18652, tid=25652
#
# JRE version: OpenJDK Runtime Environment Microsoft-10376486 (17.0.13+11) (build 17.0.13+11-LTS)
# Java VM: OpenJDK 64-Bit Server VM Microsoft-10376486 (17.0.13+11-LTS, mixed mode, sharing, tiered, compressed oops, compressed class ptrs, g1 gc, windows-amd64)
# No core dump will be written. Minidumps are not enabled by default on client versions of Windows
#

---------------  S U M M A R Y ------------

Command Line: --add-opens=java.base/java.lang=ALL-UNNAMED --add-opens=java.base/java.lang.invoke=ALL-UNNAMED --add-opens=java.base/java.util=ALL-UNNAMED --add-opens=java.prefs/java.util.prefs=ALL-UNNAMED --add-exports=jdk.compiler/com.sun.tools.javac.api=ALL-UNNAMED --add-exports=jdk.compiler/com.sun.tools.javac.util=ALL-UNNAMED --add-opens=java.base/java.util=ALL-UNNAMED --add-opens=java.prefs/java.util.prefs=ALL-UNNAMED --add-opens=java.base/java.nio.charset=ALL-UNNAMED --add-opens=java.base/java.net=ALL-UNNAMED --add-opens=java.base/java.util.concurrent.atomic=ALL-UNNAMED --add-opens=java.xml/javax.xml.namespace=ALL-UNNAMED -XX:MaxMetaspaceSize=512m -Xmx2048m -Dfile.encoding=windows-1252 -Duser.country=IN -Duser.language=en -Duser.variant -javaagent:C:\Users\Websadroit\.gradle\wrapper\dists\gradle-8.14.1-bin\baw1sv0jfoi8rxs14qo3h49cs\gradle-8.14.1\lib\agents\gradle-instrumentation-agent-8.14.1.jar org.gradle.launcher.daemon.bootstrap.GradleDaemon 8.14.1

Host: 12th Gen Intel(R) Core(TM) i3-12100, 8 cores, 15G,  Windows 10 , 64 bit Build 19041 (10.0.19041.5915)
Time: Mon Jul  7 15:57:56 2025 India Standard Time elapsed time: 16821.296849 seconds (0d 4h 40m 21s)

---------------  T H R E A D  ---------------

Current thread (0x000002a82c02b260):  JavaThread "C2 CompilerThread0" daemon [_thread_in_native, id=25652, stack(0x000000bd30900000,0x000000bd30a00000)]


Current CompileTask:
C2:16821304 67154   !   4       org.gradle.execution.plan.DefaultFinalizedExecutionPlan::recordNodeCompleted (177 bytes)

Stack: [0x000000bd30900000,0x000000bd30a00000]
Native frames: (J=compiled Java code, j=interpreted, Vv=VM code, C=native code)
V  [jvm.dll+0x687fc9]
V  [jvm.dll+0x83eeb8]
V  [jvm.dll+0x840963]
V  [jvm.dll+0x840fd3]
V  [jvm.dll+0x24951f]
V  [jvm.dll+0xad0c4]
V  [jvm.dll+0xad75c]
V  [jvm.dll+0x2b0c2f]
V  [jvm.dll+0x58e059]
V  [jvm.dll+0x2237a2]
V  [jvm.dll+0x223b9f]
V  [jvm.dll+0x21c950]
V  [jvm.dll+0x219a7b]
V  [jvm.dll+0x1a5506]
V  [jvm.dll+0x22a1ca]
V  [jvm.dll+0x22830b]
V  [jvm.dll+0x7f4708]
V  [jvm.dll+0x7eea6c]
V  [jvm.dll+0x686ea7]
C  [ucrtbase.dll+0x21bb2]
C  [KERNEL32.DLL+0x17374]
C  [ntdll.dll+0x4cc91]


---------------  P R O C E S S  ---------------

Threads class SMR info:
_java_thread_list=0x000002a848048e40, length=153, elements={
0x000002a872794f40, 0x000002a82c00cf60, 0x000002a82c00dde0, 0x000002a82c024de0,
0x000002a82c0287c0, 0x000002a82c029180, 0x000002a82c029b40, 0x000002a82c02b260,
0x000002a82c03e4f0, 0x000002a82c04ce50, 0x000002a82c139170, 0x000002a82c1d9ab0,
0x000002a8324a3a80, 0x000002a832532470, 0x000002a8322a6890, 0x000002a8327f50e0,
0x000002a8327f3ca0, 0x000002a8327f41b0, 0x000002a8327f5b00, 0x000002a8327473d0,
0x000002a83274b5a0, 0x000002a83274a670, 0x000002a837901e10, 0x000002a8382a9a00,
0x000002a8382a6c70, 0x000002a8382a7690, 0x000002a8382a94f0, 0x000002a837906a00,
0x000002a83392bff0, 0x000002a83392b5d0, 0x000002a83fcad1c0, 0x000002a8327f55f0,
0x000002a83f71ac50, 0x000002a82c73e3b0, 0x000002a82c73edd0, 0x000002a82c73f2e0,
0x000002a83f457240, 0x000002a84726fe60, 0x000002a83d376050, 0x000002a83d375120,
0x000002a83d3737d0, 0x000002a8341c79c0, 0x000002a8341c6a90, 0x000002a8341c6070,
0x000002a8341c6580, 0x000002a83dfaa600, 0x000002a83dfabf50, 0x000002a83dfa8cb0,
0x000002a83dfa5a10, 0x000002a834930070, 0x000002a834930580, 0x000002a8349319c0,
0x000002a8349323e0, 0x000002a834931ed0, 0x000002a8472712a0, 0x000002a847270880,
0x000002a84726ea20, 0x000002a84726e510, 0x000002a84726daf0, 0x000002a83d12e510,
0x000002a83d12cbc0, 0x000002a83d373ce0, 0x000002a83d3728a0, 0x000002a83d3732c0,
0x000002a83d3741f0, 0x000002a83d374700, 0x000002a847f922a0, 0x000002a847f927b0,
0x000002a847f931d0, 0x000002a8341c74b0, 0x000002a847f94b20, 0x000002a847f91370,
0x000002a82c73dea0, 0x000002a847f22710, 0x000002a847f22200, 0x000002a83d12b780,
0x000002a847f24f90, 0x000002a847f24570, 0x000002a847f22c20, 0x000002a847f23640,
0x000002a847f23130, 0x000002a847f21cf0, 0x000002a847f24a80, 0x000002a847f24060,
0x000002a831dc8420, 0x000002a83dfa6940, 0x000002a83dfa91c0, 0x000002a83dfa4ae0,
0x000002a83dfa96d0, 0x000002a83dfa6e50, 0x000002a83dfa5f20, 0x000002a83dfaba40,
0x000002a83dfa4ff0, 0x000002a83d12bc90, 0x000002a83d12d5e0, 0x000002a834176ae0,
0x000002a834175190, 0x000002a834177a10, 0x000002a83dfaab10, 0x000002a83dfac460,
0x000002a847270370, 0x000002a834933820, 0x000002a8349328f0, 0x000002a834932e00,
0x000002a834933310, 0x000002a83e513fd0, 0x000002a83e5144e0, 0x000002a83e5149f0,
0x000002a83e5130a0, 0x000002a83e5135b0, 0x000002a84723f520, 0x000002a84723fa30,
0x000002a84723ff40, 0x000002a847240450, 0x000002a84723dbd0, 0x000002a84723eb00,
0x000002a84726e000, 0x000002a84726ef30, 0x000002a84726f440, 0x000002a83fc11f90,
0x000002a82c73e8c0, 0x000002a848f2a480, 0x000002a848f28110, 0x000002a848f29a60,
0x000002a838134980, 0x000002a838135dc0, 0x000002a83d1affc0, 0x000002a83dfa7d80,
0x000002a83d08aec0, 0x000002a83d08c810, 0x000002a83d08a9b0, 0x000002a83d08b3d0,
0x000002a83d089060, 0x000002a83d08bdf0, 0x000002a83d08b8e0, 0x000002a83d08c300,
0x000002a83d089570, 0x000002a84723e5f0, 0x000002a84723e0e0, 0x000002a847240960,
0x000002a847240e70, 0x000002a84723d6c0, 0x000002a84723f010, 0x000002a84725fec0,
0x000002a84725db50, 0x000002a84725e060, 0x000002a8472608e0, 0x000002a84725e570,
0x000002a8472603d0, 0x000002a834177f20, 0x000002a83d089a80, 0x000002a83d089f90,
0x000002a83dfa9be0
}

Java Threads: ( => current thread )
  0x000002a872794f40 JavaThread "main" [_thread_blocked, id=18708, stack(0x000000bd2fc00000,0x000000bd2fd00000)]
  0x000002a82c00cf60 JavaThread "Reference Handler" daemon [_thread_blocked, id=18496, stack(0x000000bd30300000,0x000000bd30400000)]
  0x000002a82c00dde0 JavaThread "Finalizer" daemon [_thread_blocked, id=21748, stack(0x000000bd30400000,0x000000bd30500000)]
  0x000002a82c024de0 JavaThread "Signal Dispatcher" daemon [_thread_blocked, id=3740, stack(0x000000bd30500000,0x000000bd30600000)]
  0x000002a82c0287c0 JavaThread "Attach Listener" daemon [_thread_blocked, id=27616, stack(0x000000bd30600000,0x000000bd30700000)]
  0x000002a82c029180 JavaThread "Service Thread" daemon [_thread_blocked, id=7816, stack(0x000000bd30700000,0x000000bd30800000)]
  0x000002a82c029b40 JavaThread "Monitor Deflation Thread" daemon [_thread_blocked, id=22836, stack(0x000000bd30800000,0x000000bd30900000)]
=>0x000002a82c02b260 JavaThread "C2 CompilerThread0" daemon [_thread_in_native, id=25652, stack(0x000000bd30900000,0x000000bd30a00000)]
  0x000002a82c03e4f0 JavaThread "C1 CompilerThread0" daemon [_thread_blocked, id=19528, stack(0x000000bd30a00000,0x000000bd30b00000)]
  0x000002a82c04ce50 JavaThread "Sweeper thread" daemon [_thread_blocked, id=6736, stack(0x000000bd30b00000,0x000000bd30c00000)]
  0x000002a82c139170 JavaThread "Common-Cleaner" daemon [_thread_blocked, id=16208, stack(0x000000bd30c00000,0x000000bd30d00000)]
  0x000002a82c1d9ab0 JavaThread "Notification Thread" daemon [_thread_blocked, id=25824, stack(0x000000bd30e00000,0x000000bd30f00000)]
  0x000002a8324a3a80 JavaThread "Daemon health stats" [_thread_blocked, id=9984, stack(0x000000bd31900000,0x000000bd31a00000)]
  0x000002a832532470 JavaThread "Incoming local TCP Connector on port 54437" [_thread_in_native, id=26236, stack(0x000000bd31a00000,0x000000bd31b00000)]
  0x000002a8322a6890 JavaThread "Daemon periodic checks" [_thread_blocked, id=20236, stack(0x000000bd31b00000,0x000000bd31c00000)]
  0x000002a8327f50e0 JavaThread "Cache worker for journal cache (C:\Users\Websadroit\.gradle\caches\journal-1)" [_thread_blocked, id=13888, stack(0x000000bd32300000,0x000000bd32400000)]
  0x000002a8327f3ca0 JavaThread "File lock request listener" [_thread_in_native, id=2636, stack(0x000000bd32400000,0x000000bd32500000)]
  0x000002a8327f41b0 JavaThread "Cache worker for file hash cache (C:\Users\Websadroit\.gradle\caches\8.14.1\fileHashes)" [_thread_blocked, id=26940, stack(0x000000bd32500000,0x000000bd32600000)]
  0x000002a8327f5b00 JavaThread "File watcher server" daemon [_thread_in_native, id=20348, stack(0x000000bd32900000,0x000000bd32a00000)]
  0x000002a8327473d0 JavaThread "File watcher consumer" daemon [_thread_blocked, id=6052, stack(0x000000bd32a00000,0x000000bd32b00000)]
  0x000002a83274b5a0 JavaThread "jar transforms" [_thread_blocked, id=13820, stack(0x000000bd32b00000,0x000000bd32c00000)]
  0x000002a83274a670 JavaThread "Cache worker for file content cache (C:\Users\Websadroit\.gradle\caches\8.14.1\fileContent)" [_thread_blocked, id=20700, stack(0x000000bd32d00000,0x000000bd32e00000)]
  0x000002a837901e10 JavaThread "Memory manager" [_thread_blocked, id=16152, stack(0x000000bd34d00000,0x000000bd34e00000)]
  0x000002a8382a9a00 JavaThread "jar transforms Thread 2" [_thread_blocked, id=6896, stack(0x000000bd38f00000,0x000000bd39000000)]
  0x000002a8382a6c70 JavaThread "jar transforms Thread 3" [_thread_blocked, id=6688, stack(0x000000bd39000000,0x000000bd39100000)]
  0x000002a8382a7690 JavaThread "jar transforms Thread 4" [_thread_blocked, id=13052, stack(0x000000bd39500000,0x000000bd39600000)]
  0x000002a8382a94f0 JavaThread "jar transforms Thread 5" [_thread_blocked, id=27028, stack(0x000000bd39600000,0x000000bd39700000)]
  0x000002a837906a00 JavaThread "jar transforms Thread 6" [_thread_blocked, id=18900, stack(0x000000bd39700000,0x000000bd39800000)]
  0x000002a83392bff0 JavaThread "jar transforms Thread 7" [_thread_blocked, id=9200, stack(0x000000bd39900000,0x000000bd39a00000)]
  0x000002a83392b5d0 JavaThread "jar transforms Thread 8" [_thread_blocked, id=20972, stack(0x000000bd39a00000,0x000000bd39b00000)]
  0x000002a83fcad1c0 JavaThread "Cache worker for Java compile cache (C:\Users\Websadroit\.gradle\caches\8.14.1\javaCompile)" [_thread_blocked, id=17376, stack(0x000000bd2f900000,0x000000bd2fa00000)]
  0x000002a8327f55f0 JavaThread "RMI Scheduler(0)" daemon [_thread_blocked, id=25584, stack(0x000000bd3b500000,0x000000bd3b600000)]
  0x000002a83f71ac50 JavaThread "RMI TCP Accept-0" daemon [_thread_in_native, id=12996, stack(0x000000bd3b800000,0x000000bd3b900000)]
  0x000002a82c73e3b0 JavaThread "RMI GC Daemon" daemon [_thread_blocked, id=16100, stack(0x000000bd35d00000,0x000000bd35e00000)]
  0x000002a82c73edd0 JavaThread "RMI TCP Accept-0" daemon [_thread_in_native, id=10888, stack(0x000000bd35e00000,0x000000bd35f00000)]
  0x000002a82c73f2e0 JavaThread "RMI Reaper" [_thread_blocked, id=3860, stack(0x000000bd35f00000,0x000000bd36000000)]
  0x000002a83f457240 JavaThread "RMI TCP Accept-0" daemon [_thread_in_native, id=24260, stack(0x000000bd3ae00000,0x000000bd3af00000)]
  0x000002a84726fe60 JavaThread "Daemon Thread 6" [_thread_blocked, id=21992, stack(0x000000bd2fb00000,0x000000bd2fc00000)]
  0x000002a83d376050 JavaThread "Handler for socket connection from /127.0.0.1:54437 to /127.0.0.1:61025" [_thread_in_native, id=4064, stack(0x000000bd30d00000,0x000000bd30e00000)]
  0x000002a83d375120 JavaThread "Cancel handler" [_thread_blocked, id=10184, stack(0x000000bd31000000,0x000000bd31100000)]
  0x000002a83d3737d0 JavaThread "Daemon worker Thread 6" [_thread_blocked, id=25708, stack(0x000000bd31c00000,0x000000bd31d00000)]
  0x000002a8341c79c0 JavaThread "Asynchronous log dispatcher for DefaultDaemonConnection: socket connection from /127.0.0.1:54437 to /127.0.0.1:61025" [_thread_blocked, id=14676, stack(0x000000bd31d00000,0x000000bd31e00000)]
  0x000002a8341c6a90 JavaThread "Stdin handler" [_thread_blocked, id=18352, stack(0x000000bd31e00000,0x000000bd31f00000)]
  0x000002a8341c6070 JavaThread "Daemon client event forwarder" [_thread_blocked, id=21204, stack(0x000000bd31f00000,0x000000bd32000000)]
  0x000002a8341c6580 JavaThread "Cache worker for file hash cache (E:\websadroit_work\wanderInn\WanderInn\android\.gradle\8.14.1\fileHashes)" [_thread_blocked, id=24564, stack(0x000000bd32000000,0x000000bd32100000)]
  0x000002a83dfaa600 JavaThread "Cache worker for Build Output Cleanup Cache (E:\websadroit_work\wanderInn\WanderInn\android\.gradle\buildOutputCleanup)" [_thread_blocked, id=20752, stack(0x000000bd32100000,0x000000bd32200000)]
  0x000002a83dfabf50 JavaThread "Cache worker for checksums cache (E:\websadroit_work\wanderInn\WanderInn\android\.gradle\8.14.1\checksums)" [_thread_blocked, id=31696, stack(0x000000bd32200000,0x000000bd32300000)]
  0x000002a83dfa8cb0 JavaThread "Cache worker for cache directory md-supplier (C:\Users\Websadroit\.gradle\caches\8.14.1\md-supplier)" [_thread_blocked, id=22312, stack(0x000000bd32600000,0x000000bd32700000)]
  0x000002a83dfa5a10 JavaThread "Cache worker for cache directory md-rule (C:\Users\Websadroit\.gradle\caches\8.14.1\md-rule)" [_thread_blocked, id=20372, stack(0x000000bd32700000,0x000000bd32800000)]
  0x000002a834930070 JavaThread "Cache worker for Build Output Cleanup Cache (E:\websadroit_work\wanderInn\WanderInn\node_modules\@react-native\gradle-plugin\.gradle\buildOutputCleanup)" [_thread_blocked, id=25448, stack(0x000000bd32c00000,0x000000bd32d00000)]
  0x000002a834930580 JavaThread "Unconstrained build operations" [_thread_blocked, id=28136, stack(0x000000bd2fa00000,0x000000bd2fb00000)]
  0x000002a8349319c0 JavaThread "Unconstrained build operations Thread 2" [_thread_blocked, id=1248, stack(0x000000bd32e00000,0x000000bd32f00000)]
  0x000002a8349323e0 JavaThread "Unconstrained build operations Thread 3" [_thread_blocked, id=29164, stack(0x000000bd32f00000,0x000000bd33000000)]
  0x000002a834931ed0 JavaThread "Unconstrained build operations Thread 4" [_thread_blocked, id=13324, stack(0x000000bd33000000,0x000000bd33100000)]
  0x000002a8472712a0 JavaThread "Unconstrained build operations Thread 5" [_thread_blocked, id=1472, stack(0x000000bd33100000,0x000000bd33200000)]
  0x000002a847270880 JavaThread "Unconstrained build operations Thread 6" [_thread_blocked, id=14648, stack(0x000000bd33200000,0x000000bd33300000)]
  0x000002a84726ea20 JavaThread "Unconstrained build operations Thread 7" [_thread_blocked, id=29764, stack(0x000000bd33300000,0x000000bd33400000)]
  0x000002a84726e510 JavaThread "Unconstrained build operations Thread 8" [_thread_blocked, id=16572, stack(0x000000bd33400000,0x000000bd33500000)]
  0x000002a84726daf0 JavaThread "Unconstrained build operations Thread 9" [_thread_blocked, id=7064, stack(0x000000bd33500000,0x000000bd33600000)]
  0x000002a83d12e510 JavaThread "Unconstrained build operations Thread 10" [_thread_blocked, id=7692, stack(0x000000bd33600000,0x000000bd33700000)]
  0x000002a83d12cbc0 JavaThread "Unconstrained build operations Thread 11" [_thread_blocked, id=26688, stack(0x000000bd33700000,0x000000bd33800000)]
  0x000002a83d373ce0 JavaThread "Unconstrained build operations Thread 12" [_thread_blocked, id=17324, stack(0x000000bd33800000,0x000000bd33900000)]
  0x000002a83d3728a0 JavaThread "Unconstrained build operations Thread 13" [_thread_blocked, id=9700, stack(0x000000bd33900000,0x000000bd33a00000)]
  0x000002a83d3732c0 JavaThread "Unconstrained build operations Thread 14" [_thread_blocked, id=18428, stack(0x000000bd33a00000,0x000000bd33b00000)]
  0x000002a83d3741f0 JavaThread "Unconstrained build operations Thread 15" [_thread_blocked, id=22020, stack(0x000000bd33b00000,0x000000bd33c00000)]
  0x000002a83d374700 JavaThread "Unconstrained build operations Thread 16" [_thread_blocked, id=20764, stack(0x000000bd33c00000,0x000000bd33d00000)]
  0x000002a847f922a0 JavaThread "Unconstrained build operations Thread 17" [_thread_blocked, id=5476, stack(0x000000bd33d00000,0x000000bd33e00000)]
  0x000002a847f927b0 JavaThread "Unconstrained build operations Thread 18" [_thread_blocked, id=13144, stack(0x000000bd33e00000,0x000000bd33f00000)]
  0x000002a847f931d0 JavaThread "build event listener" [_thread_blocked, id=9832, stack(0x000000bd33f00000,0x000000bd34000000)]
  0x000002a8341c74b0 JavaThread "ForkJoinPool.commonPool-worker-50" daemon [_thread_blocked, id=24112, stack(0x000000bd34100000,0x000000bd34200000)]
  0x000002a847f94b20 JavaThread "ForkJoinPool.commonPool-worker-51" daemon [_thread_blocked, id=19736, stack(0x000000bd34200000,0x000000bd34300000)]
  0x000002a847f91370 JavaThread "ForkJoinPool.commonPool-worker-52" daemon [_thread_blocked, id=26600, stack(0x000000bd34300000,0x000000bd34400000)]
  0x000002a82c73dea0 JavaThread "ForkJoinPool.commonPool-worker-53" daemon [_thread_blocked, id=6336, stack(0x000000bd34400000,0x000000bd34500000)]
  0x000002a847f22710 JavaThread "ForkJoinPool.commonPool-worker-54" daemon [_thread_blocked, id=21180, stack(0x000000bd34500000,0x000000bd34600000)]
  0x000002a847f22200 JavaThread "ForkJoinPool.commonPool-worker-55" daemon [_thread_blocked, id=3636, stack(0x000000bd34600000,0x000000bd34700000)]
  0x000002a83d12b780 JavaThread "ForkJoinPool.commonPool-worker-56" daemon [_thread_blocked, id=17888, stack(0x000000bd34700000,0x000000bd34800000)]
  0x000002a847f24f90 JavaThread "included builds" [_thread_blocked, id=8516, stack(0x000000bd34800000,0x000000bd34900000)]
  0x000002a847f24570 JavaThread "Execution worker" [_thread_in_vm, id=23388, stack(0x000000bd34900000,0x000000bd34a00000)]
  0x000002a847f22c20 JavaThread "Execution worker Thread 2" [_thread_blocked, id=14784, stack(0x000000bd34a00000,0x000000bd34b00000)]
  0x000002a847f23640 JavaThread "Execution worker Thread 3" [_thread_blocked, id=21104, stack(0x000000bd34b00000,0x000000bd34c00000)]
  0x000002a847f23130 JavaThread "Execution worker Thread 4" [_thread_blocked, id=24196, stack(0x000000bd34c00000,0x000000bd34d00000)]
  0x000002a847f21cf0 JavaThread "Execution worker Thread 5" [_thread_blocked, id=25484, stack(0x000000bd34e00000,0x000000bd34f00000)]
  0x000002a847f24a80 JavaThread "Execution worker Thread 6" [_thread_blocked, id=26960, stack(0x000000bd34f00000,0x000000bd35000000)]
  0x000002a847f24060 JavaThread "Execution worker Thread 7" [_thread_blocked, id=2244, stack(0x000000bd35000000,0x000000bd35100000)]
  0x000002a831dc8420 JavaThread "Cache worker for execution history cache (E:\websadroit_work\wanderInn\WanderInn\node_modules\@react-native\gradle-plugin\.gradle\8.14.1\executionHistory)" [_thread_blocked, id=10556, stack(0x000000bd34000000,0x000000bd34100000)]
  0x000002a83dfa6940 JavaThread "Unconstrained build operations Thread 19" [_thread_blocked, id=14468, stack(0x000000bd35100000,0x000000bd35200000)]
  0x000002a83dfa91c0 JavaThread "Unconstrained build operations Thread 20" [_thread_blocked, id=22148, stack(0x000000bd35200000,0x000000bd35300000)]
  0x000002a83dfa4ae0 JavaThread "Unconstrained build operations Thread 21" [_thread_blocked, id=31440, stack(0x000000bd35300000,0x000000bd35400000)]
  0x000002a83dfa96d0 JavaThread "Unconstrained build operations Thread 22" [_thread_blocked, id=22600, stack(0x000000bd35400000,0x000000bd35500000)]
  0x000002a83dfa6e50 JavaThread "Unconstrained build operations Thread 23" [_thread_blocked, id=31096, stack(0x000000bd35500000,0x000000bd35600000)]
  0x000002a83dfa5f20 JavaThread "Unconstrained build operations Thread 24" [_thread_blocked, id=31676, stack(0x000000bd35600000,0x000000bd35700000)]
  0x000002a83dfaba40 JavaThread "Unconstrained build operations Thread 25" [_thread_blocked, id=13728, stack(0x000000bd35700000,0x000000bd35800000)]
  0x000002a83dfa4ff0 JavaThread "Unconstrained build operations Thread 26" [_thread_blocked, id=2372, stack(0x000000bd35800000,0x000000bd35900000)]
  0x000002a83d12bc90 JavaThread "Unconstrained build operations Thread 27" [_thread_blocked, id=28680, stack(0x000000bd35900000,0x000000bd35a00000)]
  0x000002a83d12d5e0 JavaThread "Unconstrained build operations Thread 28" [_thread_blocked, id=28584, stack(0x000000bd35a00000,0x000000bd35b00000)]
  0x000002a834176ae0 JavaThread "Unconstrained build operations Thread 29" [_thread_blocked, id=26864, stack(0x000000bd35b00000,0x000000bd35c00000)]
  0x000002a834175190 JavaThread "Unconstrained build operations Thread 30" [_thread_blocked, id=8388, stack(0x000000bd35c00000,0x000000bd35d00000)]
  0x000002a834177a10 JavaThread "Unconstrained build operations Thread 31" [_thread_blocked, id=18784, stack(0x000000bd36000000,0x000000bd36100000)]
  0x000002a83dfaab10 JavaThread "Unconstrained build operations Thread 32" [_thread_blocked, id=2520, stack(0x000000bd36100000,0x000000bd36200000)]
  0x000002a83dfac460 JavaThread "Unconstrained build operations Thread 33" [_thread_blocked, id=13228, stack(0x000000bd36200000,0x000000bd36300000)]
  0x000002a847270370 JavaThread "Unconstrained build operations Thread 34" [_thread_blocked, id=12048, stack(0x000000bd36300000,0x000000bd36400000)]
  0x000002a834933820 JavaThread "Unconstrained build operations Thread 35" [_thread_blocked, id=25588, stack(0x000000bd36400000,0x000000bd36500000)]
  0x000002a8349328f0 JavaThread "Unconstrained build operations Thread 36" [_thread_blocked, id=16664, stack(0x000000bd36500000,0x000000bd36600000)]
  0x000002a834932e00 JavaThread "Unconstrained build operations Thread 37" [_thread_blocked, id=23820, stack(0x000000bd36600000,0x000000bd36700000)]
  0x000002a834933310 JavaThread "Unconstrained build operations Thread 38" [_thread_blocked, id=5316, stack(0x000000bd36700000,0x000000bd36800000)]
  0x000002a83e513fd0 JavaThread "Unconstrained build operations Thread 39" [_thread_blocked, id=5860, stack(0x000000bd36800000,0x000000bd36900000)]
  0x000002a83e5144e0 JavaThread "Unconstrained build operations Thread 40" [_thread_blocked, id=28576, stack(0x000000bd36900000,0x000000bd36a00000)]
  0x000002a83e5149f0 JavaThread "Unconstrained build operations Thread 41" [_thread_blocked, id=9324, stack(0x000000bd36a00000,0x000000bd36b00000)]
  0x000002a83e5130a0 JavaThread "Unconstrained build operations Thread 42" [_thread_blocked, id=29940, stack(0x000000bd36b00000,0x000000bd36c00000)]
  0x000002a83e5135b0 JavaThread "Unconstrained build operations Thread 43" [_thread_blocked, id=2312, stack(0x000000bd36c00000,0x000000bd36d00000)]
  0x000002a84723f520 JavaThread "Unconstrained build operations Thread 44" [_thread_blocked, id=30528, stack(0x000000bd36d00000,0x000000bd36e00000)]
  0x000002a84723fa30 JavaThread "Unconstrained build operations Thread 45" [_thread_blocked, id=6848, stack(0x000000bd36e00000,0x000000bd36f00000)]
  0x000002a84723ff40 JavaThread "Unconstrained build operations Thread 46" [_thread_blocked, id=16980, stack(0x000000bd36f00000,0x000000bd37000000)]
  0x000002a847240450 JavaThread "Unconstrained build operations Thread 47" [_thread_blocked, id=26984, stack(0x000000bd37000000,0x000000bd37100000)]
  0x000002a84723dbd0 JavaThread "Unconstrained build operations Thread 48" [_thread_blocked, id=25740, stack(0x000000bd37100000,0x000000bd37200000)]
  0x000002a84723eb00 JavaThread "Unconstrained build operations Thread 49" [_thread_blocked, id=12540, stack(0x000000bd37200000,0x000000bd37300000)]
  0x000002a84726e000 JavaThread "Unconstrained build operations Thread 50" [_thread_blocked, id=20168, stack(0x000000bd37300000,0x000000bd37400000)]
  0x000002a84726ef30 JavaThread "Unconstrained build operations Thread 51" [_thread_blocked, id=26724, stack(0x000000bd37400000,0x000000bd37500000)]
  0x000002a84726f440 JavaThread "Unconstrained build operations Thread 52" [_thread_blocked, id=26000, stack(0x000000bd37500000,0x000000bd37600000)]
  0x000002a83fc11f90 JavaThread "Unconstrained build operations Thread 53" [_thread_blocked, id=15872, stack(0x000000bd37600000,0x000000bd37700000)]
  0x000002a82c73e8c0 JavaThread "Unconstrained build operations Thread 54" [_thread_blocked, id=8212, stack(0x000000bd37700000,0x000000bd37800000)]
  0x000002a848f2a480 JavaThread "Unconstrained build operations Thread 55" [_thread_blocked, id=24316, stack(0x000000bd37800000,0x000000bd37900000)]
  0x000002a848f28110 JavaThread "Unconstrained build operations Thread 56" [_thread_blocked, id=28016, stack(0x000000bd37900000,0x000000bd37a00000)]
  0x000002a848f29a60 JavaThread "Unconstrained build operations Thread 57" [_thread_blocked, id=29036, stack(0x000000bd37a00000,0x000000bd37b00000)]
  0x000002a838134980 JavaThread "Unconstrained build operations Thread 58" [_thread_blocked, id=10588, stack(0x000000bd37b00000,0x000000bd37c00000)]
  0x000002a838135dc0 JavaThread "Unconstrained build operations Thread 59" [_thread_blocked, id=19944, stack(0x000000bd37c00000,0x000000bd37d00000)]
  0x000002a83d1affc0 JavaThread "Unconstrained build operations Thread 60" [_thread_blocked, id=30920, stack(0x000000bd37d00000,0x000000bd37e00000)]
  0x000002a83dfa7d80 JavaThread "Unconstrained build operations Thread 61" [_thread_blocked, id=15260, stack(0x000000bd37e00000,0x000000bd37f00000)]
  0x000002a83d08aec0 JavaThread "Unconstrained build operations Thread 62" [_thread_blocked, id=15452, stack(0x000000bd37f00000,0x000000bd38000000)]
  0x000002a83d08c810 JavaThread "Unconstrained build operations Thread 63" [_thread_blocked, id=11656, stack(0x000000bd38000000,0x000000bd38100000)]
  0x000002a83d08a9b0 JavaThread "Unconstrained build operations Thread 64" [_thread_blocked, id=9540, stack(0x000000bd38100000,0x000000bd38200000)]
  0x000002a83d08b3d0 JavaThread "Unconstrained build operations Thread 65" [_thread_blocked, id=2092, stack(0x000000bd38200000,0x000000bd38300000)]
  0x000002a83d089060 JavaThread "Unconstrained build operations Thread 66" [_thread_blocked, id=21488, stack(0x000000bd38300000,0x000000bd38400000)]
  0x000002a83d08bdf0 JavaThread "Unconstrained build operations Thread 67" [_thread_blocked, id=20976, stack(0x000000bd38400000,0x000000bd38500000)]
  0x000002a83d08b8e0 JavaThread "Unconstrained build operations Thread 68" [_thread_blocked, id=4356, stack(0x000000bd38500000,0x000000bd38600000)]
  0x000002a83d08c300 JavaThread "build event listener" [_thread_blocked, id=19072, stack(0x000000bd38600000,0x000000bd38700000)]
  0x000002a83d089570 JavaThread "Problems report writer" [_thread_blocked, id=16736, stack(0x000000bd38700000,0x000000bd38800000)]
  0x000002a84723e5f0 JavaThread "Unconstrained build operations Thread 69" [_thread_blocked, id=3916, stack(0x000000bd38800000,0x000000bd38900000)]
  0x000002a84723e0e0 JavaThread "Unconstrained build operations Thread 70" [_thread_blocked, id=21428, stack(0x000000bd38900000,0x000000bd38a00000)]
  0x000002a847240960 JavaThread "Unconstrained build operations Thread 71" [_thread_blocked, id=6988, stack(0x000000bd38a00000,0x000000bd38b00000)]
  0x000002a847240e70 JavaThread "Unconstrained build operations Thread 72" [_thread_blocked, id=6104, stack(0x000000bd38b00000,0x000000bd38c00000)]
  0x000002a84723d6c0 JavaThread "Unconstrained build operations Thread 73" [_thread_blocked, id=18152, stack(0x000000bd38c00000,0x000000bd38d00000)]
  0x000002a84723f010 JavaThread "Unconstrained build operations Thread 74" [_thread_blocked, id=6412, stack(0x000000bd38d00000,0x000000bd38e00000)]
  0x000002a84725fec0 JavaThread "Unconstrained build operations Thread 75" [_thread_blocked, id=14636, stack(0x000000bd38e00000,0x000000bd38f00000)]
  0x000002a84725db50 JavaThread "Unconstrained build operations Thread 76" [_thread_blocked, id=22320, stack(0x000000bd39100000,0x000000bd39200000)]
  0x000002a84725e060 JavaThread "Unconstrained build operations Thread 77" [_thread_blocked, id=1360, stack(0x000000bd39200000,0x000000bd39300000)]
  0x000002a8472608e0 JavaThread "Unconstrained build operations Thread 78" [_thread_blocked, id=22272, stack(0x000000bd39300000,0x000000bd39400000)]
  0x000002a84725e570 JavaThread "Unconstrained build operations Thread 79" [_thread_blocked, id=12508, stack(0x000000bd39400000,0x000000bd39500000)]
  0x000002a8472603d0 JavaThread "Unconstrained build operations Thread 80" [_thread_blocked, id=4460, stack(0x000000bd39800000,0x000000bd39900000)]
  0x000002a834177f20 JavaThread "Exec process Thread 61" [_thread_blocked, id=20616, stack(0x000000bd39d00000,0x000000bd39e00000)]
  0x000002a83d089a80 JavaThread "Exec process Thread 62" [_thread_blocked, id=18512, stack(0x000000bd39e00000,0x000000bd39f00000)]
  0x000002a83d089f90 JavaThread "Exec process Thread 63" [_thread_blocked, id=10272, stack(0x000000bd39f00000,0x000000bd3a000000)]
  0x000002a83dfa9be0 JavaThread "Cache worker for execution history cache (E:\websadroit_work\wanderInn\WanderInn\android\.gradle\8.14.1\executionHistory)" [_thread_blocked, id=13120, stack(0x000000bd3a000000,0x000000bd3a100000)]

Other Threads:
  0x000002a82c0099c0 VMThread "VM Thread" [stack: 0x000000bd30200000,0x000000bd30300000] [id=8332]
  0x000002a872795f00 WatcherThread [stack: 0x000000bd30f00000,0x000000bd31000000] [id=1908]
  0x000002a8727f2ba0 GCTaskThread "GC Thread#0" [stack: 0x000000bd2fd00000,0x000000bd2fe00000] [id=12736]
  0x000002a82c328780 GCTaskThread "GC Thread#1" [stack: 0x000000bd31100000,0x000000bd31200000] [id=16052]
  0x000002a82c2e6c90 GCTaskThread "GC Thread#2" [stack: 0x000000bd31200000,0x000000bd31300000] [id=26928]
  0x000002a82c851860 GCTaskThread "GC Thread#3" [stack: 0x000000bd31300000,0x000000bd31400000] [id=24308]
  0x000002a82c6aa7f0 GCTaskThread "GC Thread#4" [stack: 0x000000bd31400000,0x000000bd31500000] [id=18304]
  0x000002a82c82ea60 GCTaskThread "GC Thread#5" [stack: 0x000000bd31500000,0x000000bd31600000] [id=25536]
  0x000002a832330da0 GCTaskThread "GC Thread#6" [stack: 0x000000bd31700000,0x000000bd31800000] [id=10372]
  0x000002a832331060 GCTaskThread "GC Thread#7" [stack: 0x000000bd31800000,0x000000bd31900000] [id=1200]
  0x000002a872803af0 ConcurrentGCThread "G1 Main Marker" [stack: 0x000000bd2fe00000,0x000000bd2ff00000] [id=13684]
  0x000002a872804cb0 ConcurrentGCThread "G1 Conc#0" [stack: 0x000000bd2ff00000,0x000000bd30000000] [id=25808]
  0x000002a8365f8cf0 ConcurrentGCThread "G1 Conc#1" [stack: 0x000000bd32800000,0x000000bd32900000] [id=19356]
  0x000002a87284d880 ConcurrentGCThread "G1 Refine#0" [stack: 0x000000bd30000000,0x000000bd30100000] [id=22580]
  0x000002a831621850 ConcurrentGCThread "G1 Refine#1" [stack: 0x000000bd31600000,0x000000bd31700000] [id=14572]
  0x000002a83fe37790 ConcurrentGCThread "G1 Refine#2" [stack: 0x000000bd3bc00000,0x000000bd3bd00000] [id=1724]
  0x000002a83df8b0d0 ConcurrentGCThread "G1 Refine#3" [stack: 0x000000bd3bd00000,0x000000bd3be00000] [id=23440]
  0x000002a835cc8680 ConcurrentGCThread "G1 Refine#4" [stack: 0x000000bd3c000000,0x000000bd3c100000] [id=21324]
  0x000002a83f17bb20 ConcurrentGCThread "G1 Refine#5" [stack: 0x000000bd3c800000,0x000000bd3c900000] [id=24400]
  0x000002a87284e2b0 ConcurrentGCThread "G1 Service" [stack: 0x000000bd30100000,0x000000bd30200000] [id=11500]

Threads with active compile tasks:
C2 CompilerThread0  16822046 67154   !   4       org.gradle.execution.plan.DefaultFinalizedExecutionPlan::recordNodeCompleted (177 bytes)

VM state: not at safepoint (normal execution)

VM Mutex/Monitor currently owned by a thread: None

Heap address: 0x0000000080000000, size: 2048 MB, Compressed Oops mode: 32-bit

CDS archive(s) mapped at: [0x000002a811000000-0x000002a811bb0000-0x000002a811bb0000), size 12255232, SharedBaseAddress: 0x000002a811000000, ArchiveRelocationMode: 1.
Compressed class space mapped at: 0x000002a812000000-0x000002a82c000000, reserved size: 436207616
Narrow klass base: 0x000002a811000000, Narrow klass shift: 0, Narrow klass range: 0x100000000

GC Precious Log:
 CPUs: 8 total, 8 available
 Memory: 16152M
 Large Page Support: Disabled
 NUMA Support: Disabled
 Compressed Oops: Enabled (32-bit)
 Heap Region Size: 1M
 Heap Min Capacity: 8M
 Heap Initial Capacity: 254M
 Heap Max Capacity: 2G
 Pre-touch: Disabled
 Parallel Workers: 8
 Concurrent Workers: 2
 Concurrent Refinement Workers: 8
 Periodic GC: Disabled

Heap:
 garbage-first heap   total 1361920K, used 439271K [0x0000000080000000, 0x0000000100000000)
  region size 1024K, 47 young (48128K), 8 survivors (8192K)
 Metaspace       used 252101K, committed 256128K, reserved 688128K
  class space    used 33492K, committed 35264K, reserved 425984K

Heap Regions: E=young(eden), S=young(survivor), O=old, HS=humongous(starts), HC=humongous(continues), CS=collection set, F=free, OA=open archive, CA=closed archive, TAMS=top-at-mark-start (previous, next)
|   0|0x0000000080000000, 0x0000000080100000, 0x0000000080100000|100%|HS|  |TAMS 0x0000000080100000, 0x0000000080000000| Complete 
|   1|0x0000000080100000, 0x0000000080200000, 0x0000000080200000|100%|HC|  |TAMS 0x0000000080200000, 0x0000000080100000| Complete 
|   2|0x0000000080200000, 0x0000000080300000, 0x0000000080300000|100%|HC|  |TAMS 0x0000000080300000, 0x0000000080200000| Complete 
|   3|0x0000000080300000, 0x00000000803fee78, 0x0000000080400000| 99%| O|  |TAMS 0x00000000803fee78, 0x0000000080300000| Untracked 
|   4|0x0000000080400000, 0x00000000804ffb78, 0x0000000080500000| 99%| O|  |TAMS 0x00000000804ffb78, 0x0000000080400000| Untracked 
|   5|0x0000000080500000, 0x00000000805fffe8, 0x0000000080600000| 99%| O|  |TAMS 0x00000000805fffe8, 0x0000000080500000| Untracked 
|   6|0x0000000080600000, 0x00000000806f0258, 0x0000000080700000| 93%| O|  |TAMS 0x00000000806f0258, 0x0000000080600000| Untracked 
|   7|0x0000000080700000, 0x0000000080800000, 0x0000000080800000|100%|HS|  |TAMS 0x0000000080800000, 0x0000000080700000| Complete 
|   8|0x0000000080800000, 0x00000000808fffd0, 0x0000000080900000| 99%| O|  |TAMS 0x00000000808fffd0, 0x0000000080800000| Untracked 
|   9|0x0000000080900000, 0x00000000809ffff0, 0x0000000080a00000| 99%| O|  |TAMS 0x00000000809ffff0, 0x0000000080900000| Untracked 
|  10|0x0000000080a00000, 0x0000000080afe0c8, 0x0000000080b00000| 99%| O|  |TAMS 0x0000000080afe0c8, 0x0000000080a00000| Untracked 
|  11|0x0000000080b00000, 0x0000000080c00000, 0x0000000080c00000|100%| O|  |TAMS 0x0000000080c00000, 0x0000000080b00000| Untracked 
|  12|0x0000000080c00000, 0x0000000080cffff8, 0x0000000080d00000| 99%| O|  |TAMS 0x0000000080cffff8, 0x0000000080c00000| Untracked 
|  13|0x0000000080d00000, 0x0000000080dffff8, 0x0000000080e00000| 99%| O|  |TAMS 0x0000000080dffff8, 0x0000000080d00000| Untracked 
|  14|0x0000000080e00000, 0x0000000080f00000, 0x0000000080f00000|100%| O|  |TAMS 0x0000000080f00000, 0x0000000080e00000| Untracked 
|  15|0x0000000080f00000, 0x0000000080ffffd8, 0x0000000081000000| 99%| O|  |TAMS 0x0000000080ffffd8, 0x0000000080f00000| Untracked 
|  16|0x0000000081000000, 0x00000000810fffe8, 0x0000000081100000| 99%| O|  |TAMS 0x00000000810fffe8, 0x0000000081000000| Untracked 
|  17|0x0000000081100000, 0x00000000811ffff0, 0x0000000081200000| 99%| O|  |TAMS 0x00000000811ffff0, 0x0000000081100000| Untracked 
|  18|0x0000000081200000, 0x0000000081300000, 0x0000000081300000|100%| O|  |TAMS 0x0000000081300000, 0x0000000081200000| Untracked 
|  19|0x0000000081300000, 0x00000000813fffe8, 0x0000000081400000| 99%| O|  |TAMS 0x00000000813fffe8, 0x0000000081300000| Untracked 
|  20|0x0000000081400000, 0x0000000081500000, 0x0000000081500000|100%| O|  |TAMS 0x0000000081500000, 0x0000000081400000| Untracked 
|  21|0x0000000081500000, 0x00000000815d0890, 0x0000000081600000| 81%| O|  |TAMS 0x00000000815d0890, 0x0000000081500000| Untracked 
|  22|0x0000000081600000, 0x0000000081700000, 0x0000000081700000|100%| O|  |TAMS 0x0000000081700000, 0x0000000081600000| Untracked 
|  23|0x0000000081700000, 0x00000000817ffff0, 0x0000000081800000| 99%| O|  |TAMS 0x00000000817ffff0, 0x0000000081700000| Untracked 
|  24|0x0000000081800000, 0x00000000818ffff8, 0x0000000081900000| 99%| O|  |TAMS 0x00000000818ffff8, 0x0000000081800000| Untracked 
|  25|0x0000000081900000, 0x00000000819e38d8, 0x0000000081a00000| 88%| O|  |TAMS 0x00000000819e38d8, 0x0000000081900000| Untracked 
|  26|0x0000000081a00000, 0x0000000081affff8, 0x0000000081b00000| 99%| O|  |TAMS 0x0000000081affff8, 0x0000000081a00000| Untracked 
|  27|0x0000000081b00000, 0x0000000081bfffd8, 0x0000000081c00000| 99%| O|  |TAMS 0x0000000081bfffd8, 0x0000000081b00000| Untracked 
|  28|0x0000000081c00000, 0x0000000081cfe018, 0x0000000081d00000| 99%| O|  |TAMS 0x0000000081cfe018, 0x0000000081c00000| Untracked 
|  29|0x0000000081d00000, 0x0000000081dfffe8, 0x0000000081e00000| 99%| O|  |TAMS 0x0000000081dfffe8, 0x0000000081d00000| Untracked 
|  30|0x0000000081e00000, 0x0000000081efffe8, 0x0000000081f00000| 99%| O|  |TAMS 0x0000000081efffe8, 0x0000000081e00000| Untracked 
|  31|0x0000000081f00000, 0x0000000081ffd768, 0x0000000082000000| 99%| O|  |TAMS 0x0000000081ffd768, 0x0000000081f00000| Untracked 
|  32|0x0000000082000000, 0x00000000820fffe8, 0x0000000082100000| 99%| O|  |TAMS 0x00000000820fffe8, 0x0000000082000000| Untracked 
|  33|0x0000000082100000, 0x0000000082200000, 0x0000000082200000|100%| O|  |TAMS 0x0000000082200000, 0x0000000082100000| Untracked 
|  34|0x0000000082200000, 0x0000000082300000, 0x0000000082300000|100%|HS|  |TAMS 0x0000000082300000, 0x0000000082200000| Complete 
|  35|0x0000000082300000, 0x0000000082400000, 0x0000000082400000|100%|HC|  |TAMS 0x0000000082400000, 0x0000000082300000| Complete 
|  36|0x0000000082400000, 0x0000000082500000, 0x0000000082500000|100%|HC|  |TAMS 0x0000000082500000, 0x0000000082400000| Complete 
|  37|0x0000000082500000, 0x0000000082600000, 0x0000000082600000|100%|HS|  |TAMS 0x0000000082600000, 0x0000000082500000| Complete 
|  38|0x0000000082600000, 0x0000000082700000, 0x0000000082700000|100%|HC|  |TAMS 0x0000000082700000, 0x0000000082600000| Complete 
|  39|0x0000000082700000, 0x0000000082800000, 0x0000000082800000|100%|HC|  |TAMS 0x0000000082800000, 0x0000000082700000| Complete 
|  40|0x0000000082800000, 0x00000000828fffc0, 0x0000000082900000| 99%| O|  |TAMS 0x00000000828fffc0, 0x0000000082800000| Untracked 
|  41|0x0000000082900000, 0x0000000082a00000, 0x0000000082a00000|100%| O|  |TAMS 0x0000000082a00000, 0x0000000082900000| Untracked 
|  42|0x0000000082a00000, 0x0000000082afffa8, 0x0000000082b00000| 99%| O|  |TAMS 0x0000000082afffa8, 0x0000000082a00000| Untracked 
|  43|0x0000000082b00000, 0x0000000082bfff78, 0x0000000082c00000| 99%| O|  |TAMS 0x0000000082bfff78, 0x0000000082b00000| Untracked 
|  44|0x0000000082c00000, 0x0000000082cffff8, 0x0000000082d00000| 99%| O|  |TAMS 0x0000000082cffff8, 0x0000000082c00000| Untracked 
|  45|0x0000000082d00000, 0x0000000082e00000, 0x0000000082e00000|100%| O|  |TAMS 0x0000000082e00000, 0x0000000082d00000| Untracked 
|  46|0x0000000082e00000, 0x0000000082f00000, 0x0000000082f00000|100%| O|  |TAMS 0x0000000082f00000, 0x0000000082e00000| Untracked 
|  47|0x0000000082f00000, 0x0000000082ffffa0, 0x0000000083000000| 99%| O|  |TAMS 0x0000000082ffffa0, 0x0000000082f00000| Untracked 
|  48|0x0000000083000000, 0x00000000830fff90, 0x0000000083100000| 99%| O|  |TAMS 0x00000000830fff90, 0x0000000083000000| Untracked 
|  49|0x0000000083100000, 0x0000000083200000, 0x0000000083200000|100%| O|  |TAMS 0x0000000083200000, 0x0000000083100000| Untracked 
|  50|0x0000000083200000, 0x00000000832fb8a8, 0x0000000083300000| 98%| O|  |TAMS 0x00000000832fb8a8, 0x0000000083200000| Untracked 
|  51|0x0000000083300000, 0x00000000833fff90, 0x0000000083400000| 99%| O|  |TAMS 0x00000000833fff90, 0x0000000083300000| Untracked 
|  52|0x0000000083400000, 0x00000000834fffd0, 0x0000000083500000| 99%| O|  |TAMS 0x00000000834fffd0, 0x0000000083400000| Untracked 
|  53|0x0000000083500000, 0x00000000835e5b38, 0x0000000083600000| 89%| O|  |TAMS 0x00000000835e5b38, 0x0000000083500000| Untracked 
|  54|0x0000000083600000, 0x00000000836fffa8, 0x0000000083700000| 99%| O|  |TAMS 0x00000000836fffa8, 0x0000000083600000| Untracked 
|  55|0x0000000083700000, 0x00000000837ffff8, 0x0000000083800000| 99%| O|  |TAMS 0x00000000837ffff8, 0x0000000083700000| Untracked 
|  56|0x0000000083800000, 0x00000000838fffe0, 0x0000000083900000| 99%| O|  |TAMS 0x00000000838fffe0, 0x0000000083800000| Untracked 
|  57|0x0000000083900000, 0x0000000083a00000, 0x0000000083a00000|100%| O|  |TAMS 0x0000000083a00000, 0x0000000083900000| Untracked 
|  58|0x0000000083a00000, 0x0000000083b00000, 0x0000000083b00000|100%| O|  |TAMS 0x0000000083a00000, 0x0000000083a00000| Untracked 
|  59|0x0000000083b00000, 0x0000000083c00000, 0x0000000083c00000|100%| O|  |TAMS 0x0000000083c00000, 0x0000000083b00000| Untracked 
|  60|0x0000000083c00000, 0x0000000083d00000, 0x0000000083d00000|100%| O|  |TAMS 0x0000000083c00000, 0x0000000083c00000| Untracked 
|  61|0x0000000083d00000, 0x0000000083dfffe8, 0x0000000083e00000| 99%| O|  |TAMS 0x0000000083dfffe8, 0x0000000083d00000| Untracked 
|  62|0x0000000083e00000, 0x0000000083ef4920, 0x0000000083f00000| 95%| O|  |TAMS 0x0000000083ef4920, 0x0000000083e00000| Untracked 
|  63|0x0000000083f00000, 0x0000000083ffffe0, 0x0000000084000000| 99%| O|  |TAMS 0x0000000083ffffe0, 0x0000000083f00000| Untracked 
|  64|0x0000000084000000, 0x00000000840fffd0, 0x0000000084100000| 99%| O|  |TAMS 0x00000000840fffd0, 0x0000000084000000| Untracked 
|  65|0x0000000084100000, 0x00000000841ffff0, 0x0000000084200000| 99%| O|  |TAMS 0x00000000841ffff0, 0x0000000084100000| Untracked 
|  66|0x0000000084200000, 0x00000000842fffc0, 0x0000000084300000| 99%| O|  |TAMS 0x00000000842fffc0, 0x0000000084200000| Untracked 
|  67|0x0000000084300000, 0x0000000084400000, 0x0000000084400000|100%| O|  |TAMS 0x0000000084400000, 0x0000000084300000| Untracked 
|  68|0x0000000084400000, 0x00000000844fffc0, 0x0000000084500000| 99%| O|  |TAMS 0x00000000844fffc0, 0x0000000084400000| Untracked 
|  69|0x0000000084500000, 0x0000000084600000, 0x0000000084600000|100%| O|  |TAMS 0x0000000084600000, 0x0000000084500000| Untracked 
|  70|0x0000000084600000, 0x0000000084700000, 0x0000000084700000|100%| O|  |TAMS 0x0000000084700000, 0x0000000084600000| Untracked 
|  71|0x0000000084700000, 0x00000000847ff0f8, 0x0000000084800000| 99%| O|  |TAMS 0x00000000847ff0f8, 0x0000000084700000| Untracked 
|  72|0x0000000084800000, 0x0000000084900000, 0x0000000084900000|100%| O|  |TAMS 0x0000000084900000, 0x0000000084800000| Untracked 
|  73|0x0000000084900000, 0x00000000849fffd8, 0x0000000084a00000| 99%| O|  |TAMS 0x00000000849fffd8, 0x0000000084900000| Untracked 
|  74|0x0000000084a00000, 0x0000000084aed080, 0x0000000084b00000| 92%| O|  |TAMS 0x0000000084aed080, 0x0000000084a00000| Untracked 
|  75|0x0000000084b00000, 0x0000000084bfffe0, 0x0000000084c00000| 99%| O|  |TAMS 0x0000000084bfffe0, 0x0000000084b00000| Untracked 
|  76|0x0000000084c00000, 0x0000000084cfffd8, 0x0000000084d00000| 99%| O|  |TAMS 0x0000000084cfffd8, 0x0000000084c00000| Untracked 
|  77|0x0000000084d00000, 0x0000000084dffff8, 0x0000000084e00000| 99%| O|  |TAMS 0x0000000084dffff8, 0x0000000084d00000| Untracked 
|  78|0x0000000084e00000, 0x0000000084f00000, 0x0000000084f00000|100%|HS|  |TAMS 0x0000000084f00000, 0x0000000084e00000| Complete 
|  79|0x0000000084f00000, 0x0000000085000000, 0x0000000085000000|100%|HS|  |TAMS 0x0000000085000000, 0x0000000084f00000| Complete 
|  80|0x0000000085000000, 0x0000000085100000, 0x0000000085100000|100%|HS|  |TAMS 0x0000000085100000, 0x0000000085000000| Complete 
|  81|0x0000000085100000, 0x0000000085200000, 0x0000000085200000|100%|HS|  |TAMS 0x0000000085200000, 0x0000000085100000| Complete 
|  82|0x0000000085200000, 0x0000000085300000, 0x0000000085300000|100%|HS|  |TAMS 0x0000000085300000, 0x0000000085200000| Complete 
|  83|0x0000000085300000, 0x0000000085400000, 0x0000000085400000|100%|HS|  |TAMS 0x0000000085400000, 0x0000000085300000| Complete 
|  84|0x0000000085400000, 0x0000000085500000, 0x0000000085500000|100%| O|  |TAMS 0x0000000085500000, 0x0000000085400000| Untracked 
|  85|0x0000000085500000, 0x00000000855fffd8, 0x0000000085600000| 99%| O|  |TAMS 0x00000000855fffd8, 0x0000000085500000| Untracked 
|  86|0x0000000085600000, 0x0000000085700000, 0x0000000085700000|100%| O|  |TAMS 0x0000000085700000, 0x0000000085600000| Untracked 
|  87|0x0000000085700000, 0x0000000085800000, 0x0000000085800000|100%| O|  |TAMS 0x0000000085800000, 0x0000000085700000| Untracked 
|  88|0x0000000085800000, 0x00000000858cbcb8, 0x0000000085900000| 79%| O|  |TAMS 0x00000000858cbcb8, 0x0000000085800000| Untracked 
|  89|0x0000000085900000, 0x00000000859ffff0, 0x0000000085a00000| 99%| O|  |TAMS 0x00000000859ffff0, 0x0000000085900000| Untracked 
|  90|0x0000000085a00000, 0x0000000085affff0, 0x0000000085b00000| 99%| O|  |TAMS 0x0000000085affff0, 0x0000000085a00000| Untracked 
|  91|0x0000000085b00000, 0x0000000085c00000, 0x0000000085c00000|100%| O|  |TAMS 0x0000000085c00000, 0x0000000085b00000| Untracked 
|  92|0x0000000085c00000, 0x0000000085cffff0, 0x0000000085d00000| 99%| O|  |TAMS 0x0000000085cffff0, 0x0000000085c00000| Untracked 
|  93|0x0000000085d00000, 0x0000000085e00000, 0x0000000085e00000|100%| O|  |TAMS 0x0000000085d00000, 0x0000000085d00000| Untracked 
|  94|0x0000000085e00000, 0x0000000085f00000, 0x0000000085f00000|100%| O|  |TAMS 0x0000000085e00000, 0x0000000085e00000| Untracked 
|  95|0x0000000085f00000, 0x0000000085ff9e20, 0x0000000086000000| 97%| O|  |TAMS 0x0000000085ff9e20, 0x0000000085f00000| Untracked 
|  96|0x0000000086000000, 0x00000000860fffa8, 0x0000000086100000| 99%| O|  |TAMS 0x00000000860fffa8, 0x0000000086000000| Untracked 
|  97|0x0000000086100000, 0x00000000861ffff0, 0x0000000086200000| 99%| O|  |TAMS 0x00000000861ffff0, 0x0000000086100000| Untracked 
|  98|0x0000000086200000, 0x0000000086300000, 0x0000000086300000|100%| O|  |TAMS 0x0000000086300000, 0x0000000086200000| Untracked 
|  99|0x0000000086300000, 0x0000000086400000, 0x0000000086400000|100%| O|  |TAMS 0x0000000086400000, 0x0000000086300000| Untracked 
| 100|0x0000000086400000, 0x0000000086500000, 0x0000000086500000|100%| O|  |TAMS 0x0000000086500000, 0x0000000086400000| Untracked 
| 101|0x0000000086500000, 0x0000000086600000, 0x0000000086600000|100%|HS|  |TAMS 0x0000000086600000, 0x0000000086500000| Complete 
| 102|0x0000000086600000, 0x00000000866ffff0, 0x0000000086700000| 99%| O|  |TAMS 0x00000000866ffff0, 0x0000000086600000| Untracked 
| 103|0x0000000086700000, 0x00000000867fff18, 0x0000000086800000| 99%| O|  |TAMS 0x00000000867fff18, 0x0000000086700000| Untracked 
| 104|0x0000000086800000, 0x0000000086900000, 0x0000000086900000|100%|HS|  |TAMS 0x0000000086900000, 0x0000000086800000| Complete 
| 105|0x0000000086900000, 0x0000000086a00000, 0x0000000086a00000|100%|HC|  |TAMS 0x0000000086a00000, 0x0000000086900000| Complete 
| 106|0x0000000086a00000, 0x0000000086b00000, 0x0000000086b00000|100%|HC|  |TAMS 0x0000000086b00000, 0x0000000086a00000| Complete 
| 107|0x0000000086b00000, 0x0000000086c00000, 0x0000000086c00000|100%| O|  |TAMS 0x0000000086c00000, 0x0000000086b00000| Untracked 
| 108|0x0000000086c00000, 0x0000000086d00000, 0x0000000086d00000|100%| O|  |TAMS 0x0000000086d00000, 0x0000000086c00000| Untracked 
| 109|0x0000000086d00000, 0x0000000086dffff0, 0x0000000086e00000| 99%| O|  |TAMS 0x0000000086dffff0, 0x0000000086d00000| Untracked 
| 110|0x0000000086e00000, 0x0000000086eed170, 0x0000000086f00000| 92%| O|  |TAMS 0x0000000086eed170, 0x0000000086e00000| Untracked 
| 111|0x0000000086f00000, 0x0000000086fffff8, 0x0000000087000000| 99%| O|  |TAMS 0x0000000086fffff8, 0x0000000086f00000| Untracked 
| 112|0x0000000087000000, 0x00000000870fffc0, 0x0000000087100000| 99%| O|  |TAMS 0x00000000870fffc0, 0x0000000087000000| Untracked 
| 113|0x0000000087100000, 0x00000000871fffe8, 0x0000000087200000| 99%| O|  |TAMS 0x00000000871fffe8, 0x0000000087100000| Untracked 
| 114|0x0000000087200000, 0x00000000872e6c80, 0x0000000087300000| 90%| O|  |TAMS 0x00000000872e6c80, 0x0000000087200000| Untracked 
| 115|0x0000000087300000, 0x0000000087400000, 0x0000000087400000|100%| O|  |TAMS 0x0000000087400000, 0x0000000087300000| Untracked 
| 116|0x0000000087400000, 0x00000000874ffff8, 0x0000000087500000| 99%| O|  |TAMS 0x00000000874ffff8, 0x0000000087400000| Untracked 
| 117|0x0000000087500000, 0x00000000875f5b50, 0x0000000087600000| 95%| O|  |TAMS 0x00000000875f5b50, 0x0000000087500000| Untracked 
| 118|0x0000000087600000, 0x00000000876fffd8, 0x0000000087700000| 99%| O|  |TAMS 0x00000000876fffd8, 0x0000000087600000| Untracked 
| 119|0x0000000087700000, 0x00000000877ff490, 0x0000000087800000| 99%| O|  |TAMS 0x00000000877ff490, 0x0000000087700000| Untracked 
| 120|0x0000000087800000, 0x00000000878fcee8, 0x0000000087900000| 98%| O|  |TAMS 0x00000000878fcee8, 0x0000000087800000| Untracked 
| 121|0x0000000087900000, 0x0000000087a00000, 0x0000000087a00000|100%| O|  |TAMS 0x0000000087a00000, 0x0000000087900000| Untracked 
| 122|0x0000000087a00000, 0x0000000087afffa0, 0x0000000087b00000| 99%| O|  |TAMS 0x0000000087afffa0, 0x0000000087a00000| Untracked 
| 123|0x0000000087b00000, 0x0000000087c00000, 0x0000000087c00000|100%| O|  |TAMS 0x0000000087b00000, 0x0000000087b00000| Untracked 
| 124|0x0000000087c00000, 0x0000000087cfffe8, 0x0000000087d00000| 99%| O|  |TAMS 0x0000000087cfffe8, 0x0000000087c00000| Untracked 
| 125|0x0000000087d00000, 0x0000000087deef60, 0x0000000087e00000| 93%| O|  |TAMS 0x0000000087deef60, 0x0000000087d00000| Untracked 
| 126|0x0000000087e00000, 0x0000000087ed4238, 0x0000000087f00000| 82%| O|  |TAMS 0x0000000087ed4238, 0x0000000087e00000| Untracked 
| 127|0x0000000087f00000, 0x0000000088000000, 0x0000000088000000|100%|HS|  |TAMS 0x0000000088000000, 0x0000000087f00000| Complete 
| 128|0x0000000088000000, 0x0000000088100000, 0x0000000088100000|100%|HC|  |TAMS 0x0000000088100000, 0x0000000088000000| Complete 
| 129|0x0000000088100000, 0x0000000088200000, 0x0000000088200000|100%| O|  |TAMS 0x0000000088200000, 0x0000000088100000| Untracked 
| 130|0x0000000088200000, 0x00000000882ffec8, 0x0000000088300000| 99%| O|  |TAMS 0x00000000882ffec8, 0x0000000088200000| Untracked 
| 131|0x0000000088300000, 0x0000000088400000, 0x0000000088400000|100%| O|  |TAMS 0x0000000088400000, 0x0000000088300000| Untracked 
| 132|0x0000000088400000, 0x0000000088500000, 0x0000000088500000|100%| O|  |TAMS 0x0000000088500000, 0x0000000088400000| Untracked 
| 133|0x0000000088500000, 0x00000000885ffff8, 0x0000000088600000| 99%| O|  |TAMS 0x00000000885ffff8, 0x0000000088500000| Untracked 
| 134|0x0000000088600000, 0x0000000088700000, 0x0000000088700000|100%| O|  |TAMS 0x0000000088700000, 0x0000000088600000| Untracked 
| 135|0x0000000088700000, 0x00000000887ffff8, 0x0000000088800000| 99%| O|  |TAMS 0x00000000887ffff8, 0x0000000088700000| Untracked 
| 136|0x0000000088800000, 0x00000000888fcdc0, 0x0000000088900000| 98%| O|  |TAMS 0x00000000888fcdc0, 0x0000000088800000| Untracked 
| 137|0x0000000088900000, 0x00000000889ffff8, 0x0000000088a00000| 99%| O|  |TAMS 0x00000000889ffff8, 0x0000000088900000| Untracked 
| 138|0x0000000088a00000, 0x0000000088b00000, 0x0000000088b00000|100%| O|  |TAMS 0x0000000088b00000, 0x0000000088a00000| Untracked 
| 139|0x0000000088b00000, 0x0000000088c00000, 0x0000000088c00000|100%| O|  |TAMS 0x0000000088c00000, 0x0000000088b00000| Complete 
| 140|0x0000000088c00000, 0x0000000088d00000, 0x0000000088d00000|100%| O|  |TAMS 0x0000000088d00000, 0x0000000088c00000| Untracked 
| 141|0x0000000088d00000, 0x0000000088dff2b0, 0x0000000088e00000| 99%| O|  |TAMS 0x0000000088dff2b0, 0x0000000088d00000| Untracked 
| 142|0x0000000088e00000, 0x0000000088effa80, 0x0000000088f00000| 99%| O|  |TAMS 0x0000000088effa80, 0x0000000088e00000| Untracked 
| 143|0x0000000088f00000, 0x0000000088fffff8, 0x0000000089000000| 99%| O|  |TAMS 0x0000000088fffff8, 0x0000000088f00000| Untracked 
| 144|0x0000000089000000, 0x0000000089100000, 0x0000000089100000|100%| O|  |TAMS 0x0000000089100000, 0x0000000089000000| Untracked 
| 145|0x0000000089100000, 0x0000000089200000, 0x0000000089200000|100%| O|  |TAMS 0x0000000089200000, 0x0000000089100000| Untracked 
| 146|0x0000000089200000, 0x00000000892ffff8, 0x0000000089300000| 99%| O|  |TAMS 0x00000000892ffff8, 0x0000000089200000| Untracked 
| 147|0x0000000089300000, 0x0000000089400000, 0x0000000089400000|100%|HS|  |TAMS 0x0000000089400000, 0x0000000089300000| Complete 
| 148|0x0000000089400000, 0x0000000089500000, 0x0000000089500000|100%|HS|  |TAMS 0x0000000089500000, 0x0000000089400000| Complete 
| 149|0x0000000089500000, 0x0000000089600000, 0x0000000089600000|100%|HS|  |TAMS 0x0000000089600000, 0x0000000089500000| Complete 
| 150|0x0000000089600000, 0x0000000089700000, 0x0000000089700000|100%| O|  |TAMS 0x0000000089700000, 0x0000000089600000| Untracked 
| 151|0x0000000089700000, 0x00000000897ffff0, 0x0000000089800000| 99%| O|  |TAMS 0x00000000897ffff0, 0x0000000089700000| Untracked 
| 152|0x0000000089800000, 0x00000000898fffe8, 0x0000000089900000| 99%| O|  |TAMS 0x00000000898fffe8, 0x0000000089800000| Untracked 
| 153|0x0000000089900000, 0x0000000089a00000, 0x0000000089a00000|100%| O|  |TAMS 0x0000000089a00000, 0x0000000089900000| Untracked 
| 154|0x0000000089a00000, 0x0000000089affff8, 0x0000000089b00000| 99%| O|  |TAMS 0x0000000089affff8, 0x0000000089a00000| Untracked 
| 155|0x0000000089b00000, 0x0000000089bfffb0, 0x0000000089c00000| 99%| O|  |TAMS 0x0000000089bfffb0, 0x0000000089b00000| Untracked 
| 156|0x0000000089c00000, 0x0000000089d00000, 0x0000000089d00000|100%| O|  |TAMS 0x0000000089d00000, 0x0000000089c00000| Untracked 
| 157|0x0000000089d00000, 0x0000000089e00000, 0x0000000089e00000|100%| O|  |TAMS 0x0000000089d00000, 0x0000000089d00000| Untracked 
| 158|0x0000000089e00000, 0x0000000089efffd8, 0x0000000089f00000| 99%| O|  |TAMS 0x0000000089efffd8, 0x0000000089e00000| Untracked 
| 159|0x0000000089f00000, 0x000000008a000000, 0x000000008a000000|100%| O|  |TAMS 0x000000008a000000, 0x0000000089f00000| Untracked 
| 160|0x000000008a000000, 0x000000008a100000, 0x000000008a100000|100%| O|  |TAMS 0x000000008a000000, 0x000000008a000000| Untracked 
| 161|0x000000008a100000, 0x000000008a1ffff8, 0x000000008a200000| 99%| O|  |TAMS 0x000000008a1ffff8, 0x000000008a100000| Untracked 
| 162|0x000000008a200000, 0x000000008a300000, 0x000000008a300000|100%| O|  |TAMS 0x000000008a200000, 0x000000008a200000| Untracked 
| 163|0x000000008a300000, 0x000000008a400000, 0x000000008a400000|100%| O|  |TAMS 0x000000008a300000, 0x000000008a300000| Untracked 
| 164|0x000000008a400000, 0x000000008a500000, 0x000000008a500000|100%|HS|  |TAMS 0x000000008a500000, 0x000000008a400000| Complete 
| 165|0x000000008a500000, 0x000000008a600000, 0x000000008a600000|100%|HS|  |TAMS 0x000000008a600000, 0x000000008a500000| Complete 
| 166|0x000000008a600000, 0x000000008a700000, 0x000000008a700000|100%|HS|  |TAMS 0x000000008a700000, 0x000000008a600000| Complete 
| 167|0x000000008a700000, 0x000000008a800000, 0x000000008a800000|100%|HC|  |TAMS 0x000000008a800000, 0x000000008a700000| Complete 
| 168|0x000000008a800000, 0x000000008a900000, 0x000000008a900000|100%| O|  |TAMS 0x000000008a900000, 0x000000008a800000| Untracked 
| 169|0x000000008a900000, 0x000000008a9ffff8, 0x000000008aa00000| 99%| O|  |TAMS 0x000000008a9ffff8, 0x000000008a900000| Untracked 
| 170|0x000000008aa00000, 0x000000008ab00000, 0x000000008ab00000|100%|HS|  |TAMS 0x000000008ab00000, 0x000000008aa00000| Complete 
| 171|0x000000008ab00000, 0x000000008ac00000, 0x000000008ac00000|100%|HS|  |TAMS 0x000000008ac00000, 0x000000008ab00000| Complete 
| 172|0x000000008ac00000, 0x000000008ad00000, 0x000000008ad00000|100%| O|  |TAMS 0x000000008ad00000, 0x000000008ac00000| Untracked 
| 173|0x000000008ad00000, 0x000000008ae00000, 0x000000008ae00000|100%| O|  |TAMS 0x000000008ae00000, 0x000000008ad00000| Untracked 
| 174|0x000000008ae00000, 0x000000008af00000, 0x000000008af00000|100%| O|  |TAMS 0x000000008af00000, 0x000000008ae00000| Untracked 
| 175|0x000000008af00000, 0x000000008affff98, 0x000000008b000000| 99%| O|  |TAMS 0x000000008affff98, 0x000000008af00000| Untracked 
| 176|0x000000008b000000, 0x000000008b100000, 0x000000008b100000|100%| O|  |TAMS 0x000000008b100000, 0x000000008b000000| Untracked 
| 177|0x000000008b100000, 0x000000008b200000, 0x000000008b200000|100%| O|  |TAMS 0x000000008b200000, 0x000000008b100000| Untracked 
| 178|0x000000008b200000, 0x000000008b300000, 0x000000008b300000|100%| O|  |TAMS 0x000000008b300000, 0x000000008b200000| Untracked 
| 179|0x000000008b300000, 0x000000008b400000, 0x000000008b400000|100%| O|  |TAMS 0x000000008b400000, 0x000000008b300000| Untracked 
| 180|0x000000008b400000, 0x000000008b4fff90, 0x000000008b500000| 99%| O|  |TAMS 0x000000008b4fff90, 0x000000008b400000| Untracked 
| 181|0x000000008b500000, 0x000000008b5fffd0, 0x000000008b600000| 99%| O|  |TAMS 0x000000008b5fffd0, 0x000000008b500000| Untracked 
| 182|0x000000008b600000, 0x000000008b700000, 0x000000008b700000|100%| O|  |TAMS 0x000000008b700000, 0x000000008b600000| Untracked 
| 183|0x000000008b700000, 0x000000008b7fcdb0, 0x000000008b800000| 98%| O|  |TAMS 0x000000008b7fcdb0, 0x000000008b700000| Untracked 
| 184|0x000000008b800000, 0x000000008b900000, 0x000000008b900000|100%| O|  |TAMS 0x000000008b900000, 0x000000008b800000| Untracked 
| 185|0x000000008b900000, 0x000000008ba00000, 0x000000008ba00000|100%| O|  |TAMS 0x000000008ba00000, 0x000000008b900000| Untracked 
| 186|0x000000008ba00000, 0x000000008bb00000, 0x000000008bb00000|100%| O|  |TAMS 0x000000008bb00000, 0x000000008ba00000| Untracked 
| 187|0x000000008bb00000, 0x000000008bbfffc8, 0x000000008bc00000| 99%| O|  |TAMS 0x000000008bbfffc8, 0x000000008bb00000| Untracked 
| 188|0x000000008bc00000, 0x000000008bd00000, 0x000000008bd00000|100%| O|  |TAMS 0x000000008bd00000, 0x000000008bc00000| Untracked 
| 189|0x000000008bd00000, 0x000000008be00000, 0x000000008be00000|100%| O|  |TAMS 0x000000008be00000, 0x000000008bd00000| Untracked 
| 190|0x000000008be00000, 0x000000008bf00000, 0x000000008bf00000|100%| O|  |TAMS 0x000000008bf00000, 0x000000008be00000| Untracked 
| 191|0x000000008bf00000, 0x000000008c000000, 0x000000008c000000|100%| O|  |TAMS 0x000000008c000000, 0x000000008bf00000| Untracked 
| 192|0x000000008c000000, 0x000000008c100000, 0x000000008c100000|100%| O|  |TAMS 0x000000008c100000, 0x000000008c000000| Untracked 
| 193|0x000000008c100000, 0x000000008c200000, 0x000000008c200000|100%| O|  |TAMS 0x000000008c200000, 0x000000008c100000| Untracked 
| 194|0x000000008c200000, 0x000000008c300000, 0x000000008c300000|100%|HS|  |TAMS 0x000000008c300000, 0x000000008c200000| Complete 
| 195|0x000000008c300000, 0x000000008c400000, 0x000000008c400000|100%| O|  |TAMS 0x000000008c300000, 0x000000008c300000| Untracked 
| 196|0x000000008c400000, 0x000000008c500000, 0x000000008c500000|100%| O|  |TAMS 0x000000008c500000, 0x000000008c400000| Untracked 
| 197|0x000000008c500000, 0x000000008c600000, 0x000000008c600000|100%| O|  |TAMS 0x000000008c600000, 0x000000008c500000| Untracked 
| 198|0x000000008c600000, 0x000000008c6ffff8, 0x000000008c700000| 99%| O|  |TAMS 0x000000008c6ffff8, 0x000000008c600000| Untracked 
| 199|0x000000008c700000, 0x000000008c800000, 0x000000008c800000|100%| O|  |TAMS 0x000000008c700000, 0x000000008c700000| Untracked 
| 200|0x000000008c800000, 0x000000008c900000, 0x000000008c900000|100%| O|  |TAMS 0x000000008c900000, 0x000000008c800000| Untracked 
| 201|0x000000008c900000, 0x000000008ca00000, 0x000000008ca00000|100%| O|  |TAMS 0x000000008c900000, 0x000000008c900000| Untracked 
| 202|0x000000008ca00000, 0x000000008cafffe0, 0x000000008cb00000| 99%| O|  |TAMS 0x000000008cafffe0, 0x000000008ca00000| Untracked 
| 203|0x000000008cb00000, 0x000000008cc00000, 0x000000008cc00000|100%| O|  |TAMS 0x000000008cc00000, 0x000000008cb00000| Untracked 
| 204|0x000000008cc00000, 0x000000008cd00000, 0x000000008cd00000|100%| O|  |TAMS 0x000000008cd00000, 0x000000008cc00000| Untracked 
| 205|0x000000008cd00000, 0x000000008ce00000, 0x000000008ce00000|100%| O|  |TAMS 0x000000008cd00000, 0x000000008cd00000| Untracked 
| 206|0x000000008ce00000, 0x000000008cf00000, 0x000000008cf00000|100%| O|  |TAMS 0x000000008ce00000, 0x000000008ce00000| Untracked 
| 207|0x000000008cf00000, 0x000000008d000000, 0x000000008d000000|100%| O|  |TAMS 0x000000008cf00000, 0x000000008cf00000| Untracked 
| 208|0x000000008d000000, 0x000000008d100000, 0x000000008d100000|100%|HS|  |TAMS 0x000000008d100000, 0x000000008d000000| Complete 
| 209|0x000000008d100000, 0x000000008d200000, 0x000000008d200000|100%| O|  |TAMS 0x000000008d100000, 0x000000008d100000| Untracked 
| 210|0x000000008d200000, 0x000000008d300000, 0x000000008d300000|100%| O|  |TAMS 0x000000008d300000, 0x000000008d200000| Untracked 
| 211|0x000000008d300000, 0x000000008d400000, 0x000000008d400000|100%| O|  |TAMS 0x000000008d400000, 0x000000008d300000| Untracked 
| 212|0x000000008d400000, 0x000000008d500000, 0x000000008d500000|100%| O|  |TAMS 0x000000008d400000, 0x000000008d400000| Untracked 
| 213|0x000000008d500000, 0x000000008d600000, 0x000000008d600000|100%| O|  |TAMS 0x000000008d500000, 0x000000008d500000| Untracked 
| 214|0x000000008d600000, 0x000000008d700000, 0x000000008d700000|100%| O|  |TAMS 0x000000008d700000, 0x000000008d600000| Untracked 
| 215|0x000000008d700000, 0x000000008d800000, 0x000000008d800000|100%| O|  |TAMS 0x000000008d700000, 0x000000008d700000| Untracked 
| 216|0x000000008d800000, 0x000000008d900000, 0x000000008d900000|100%| O|  |TAMS 0x000000008d900000, 0x000000008d800000| Untracked 
| 217|0x000000008d900000, 0x000000008da00000, 0x000000008da00000|100%| O|  |TAMS 0x000000008da00000, 0x000000008d900000| Untracked 
| 218|0x000000008da00000, 0x000000008dafffe0, 0x000000008db00000| 99%| O|  |TAMS 0x000000008dafffe0, 0x000000008da00000| Untracked 
| 219|0x000000008db00000, 0x000000008dc00000, 0x000000008dc00000|100%| O|  |TAMS 0x000000008db00000, 0x000000008db00000| Untracked 
| 220|0x000000008dc00000, 0x000000008dd00000, 0x000000008dd00000|100%| O|  |TAMS 0x000000008dc00000, 0x000000008dc00000| Untracked 
| 221|0x000000008dd00000, 0x000000008de00000, 0x000000008de00000|100%| O|  |TAMS 0x000000008dd00000, 0x000000008dd00000| Untracked 
| 222|0x000000008de00000, 0x000000008defffd0, 0x000000008df00000| 99%| O|  |TAMS 0x000000008defffd0, 0x000000008de00000| Untracked 
| 223|0x000000008df00000, 0x000000008e000000, 0x000000008e000000|100%| O|  |TAMS 0x000000008e000000, 0x000000008df00000| Untracked 
| 224|0x000000008e000000, 0x000000008e100000, 0x000000008e100000|100%| O|  |TAMS 0x000000008e000000, 0x000000008e000000| Untracked 
| 225|0x000000008e100000, 0x000000008e200000, 0x000000008e200000|100%| O|  |TAMS 0x000000008e100000, 0x000000008e100000| Untracked 
| 226|0x000000008e200000, 0x000000008e300000, 0x000000008e300000|100%| O|  |TAMS 0x000000008e200000, 0x000000008e200000| Untracked 
| 227|0x000000008e300000, 0x000000008e400000, 0x000000008e400000|100%| O|  |TAMS 0x000000008e300000, 0x000000008e300000| Untracked 
| 228|0x000000008e400000, 0x000000008e500000, 0x000000008e500000|100%| O|  |TAMS 0x000000008e400000, 0x000000008e400000| Untracked 
| 229|0x000000008e500000, 0x000000008e600000, 0x000000008e600000|100%| O|  |TAMS 0x000000008e500000, 0x000000008e500000| Untracked 
| 230|0x000000008e600000, 0x000000008e700000, 0x000000008e700000|100%| O|  |TAMS 0x000000008e700000, 0x000000008e600000| Untracked 
| 231|0x000000008e700000, 0x000000008e800000, 0x000000008e800000|100%| O|  |TAMS 0x000000008e700000, 0x000000008e700000| Untracked 
| 232|0x000000008e800000, 0x000000008e900000, 0x000000008e900000|100%| O|  |TAMS 0x000000008e800000, 0x000000008e800000| Untracked 
| 233|0x000000008e900000, 0x000000008ea00000, 0x000000008ea00000|100%| O|  |TAMS 0x000000008e900000, 0x000000008e900000| Untracked 
| 234|0x000000008ea00000, 0x000000008eb00000, 0x000000008eb00000|100%| O|  |TAMS 0x000000008ea00000, 0x000000008ea00000| Untracked 
| 235|0x000000008eb00000, 0x000000008ec00000, 0x000000008ec00000|100%| O|  |TAMS 0x000000008eb00000, 0x000000008eb00000| Untracked 
| 236|0x000000008ec00000, 0x000000008ed00000, 0x000000008ed00000|100%| O|  |TAMS 0x000000008ec00000, 0x000000008ec00000| Untracked 
| 237|0x000000008ed00000, 0x000000008ee00000, 0x000000008ee00000|100%| O|  |TAMS 0x000000008ee00000, 0x000000008ed00000| Untracked 
| 238|0x000000008ee00000, 0x000000008eeffff0, 0x000000008ef00000| 99%| O|  |TAMS 0x000000008eeffff0, 0x000000008ee00000| Untracked 
| 239|0x000000008ef00000, 0x000000008f000000, 0x000000008f000000|100%| O|  |TAMS 0x000000008f000000, 0x000000008ef00000| Untracked 
| 240|0x000000008f000000, 0x000000008f100000, 0x000000008f100000|100%| O|  |TAMS 0x000000008f100000, 0x000000008f000000| Untracked 
| 241|0x000000008f100000, 0x000000008f200000, 0x000000008f200000|100%| O|  |TAMS 0x000000008f100000, 0x000000008f100000| Untracked 
| 242|0x000000008f200000, 0x000000008f300000, 0x000000008f300000|100%| O|  |TAMS 0x000000008f300000, 0x000000008f200000| Untracked 
| 243|0x000000008f300000, 0x000000008f400000, 0x000000008f400000|100%| O|  |TAMS 0x000000008f300000, 0x000000008f300000| Untracked 
| 244|0x000000008f400000, 0x000000008f500000, 0x000000008f500000|100%| O|  |TAMS 0x000000008f500000, 0x000000008f400000| Untracked 
| 245|0x000000008f500000, 0x000000008f600000, 0x000000008f600000|100%| O|  |TAMS 0x000000008f500000, 0x000000008f500000| Untracked 
| 246|0x000000008f600000, 0x000000008f700000, 0x000000008f700000|100%| O|  |TAMS 0x000000008f600000, 0x000000008f600000| Untracked 
| 247|0x000000008f700000, 0x000000008f800000, 0x000000008f800000|100%| O|  |TAMS 0x000000008f800000, 0x000000008f700000| Untracked 
| 248|0x000000008f800000, 0x000000008f900000, 0x000000008f900000|100%| O|  |TAMS 0x000000008f900000, 0x000000008f800000| Untracked 
| 249|0x000000008f900000, 0x000000008fa00000, 0x000000008fa00000|100%| O|  |TAMS 0x000000008fa00000, 0x000000008f900000| Untracked 
| 250|0x000000008fa00000, 0x000000008fb00000, 0x000000008fb00000|100%| O|  |TAMS 0x000000008fb00000, 0x000000008fa00000| Untracked 
| 251|0x000000008fb00000, 0x000000008fc00000, 0x000000008fc00000|100%| O|  |TAMS 0x000000008fc00000, 0x000000008fb00000| Untracked 
| 252|0x000000008fc00000, 0x000000008fd00000, 0x000000008fd00000|100%| O|  |TAMS 0x000000008fc00000, 0x000000008fc00000| Untracked 
| 253|0x000000008fd00000, 0x000000008fd00000, 0x000000008fe00000|  0%| F|  |TAMS 0x000000008fd00000, 0x000000008fd00000| Untracked 
| 254|0x000000008fe00000, 0x000000008fe00000, 0x000000008ff00000|  0%| F|  |TAMS 0x000000008fe00000, 0x000000008fe00000| Untracked 
| 255|0x000000008ff00000, 0x0000000090000000, 0x0000000090000000|100%| O|  |TAMS 0x0000000090000000, 0x000000008ff00000| Untracked 
| 256|0x0000000090000000, 0x0000000090100000, 0x0000000090100000|100%| O|  |TAMS 0x0000000090100000, 0x0000000090000000| Untracked 
| 257|0x0000000090100000, 0x0000000090200000, 0x0000000090200000|100%| O|  |TAMS 0x0000000090200000, 0x0000000090100000| Untracked 
| 258|0x0000000090200000, 0x0000000090300000, 0x0000000090300000|100%| O|  |TAMS 0x0000000090200000, 0x0000000090200000| Untracked 
| 259|0x0000000090300000, 0x0000000090400000, 0x0000000090400000|100%| O|  |TAMS 0x0000000090400000, 0x0000000090300000| Untracked 
| 260|0x0000000090400000, 0x0000000090500000, 0x0000000090500000|100%| O|  |TAMS 0x0000000090400000, 0x0000000090400000| Untracked 
| 261|0x0000000090500000, 0x0000000090600000, 0x0000000090600000|100%| O|  |TAMS 0x0000000090600000, 0x0000000090500000| Complete 
| 262|0x0000000090600000, 0x0000000090700000, 0x0000000090700000|100%| O|  |TAMS 0x0000000090600000, 0x0000000090600000| Untracked 
| 263|0x0000000090700000, 0x0000000090800000, 0x0000000090800000|100%| O|  |TAMS 0x0000000090700000, 0x0000000090700000| Untracked 
| 264|0x0000000090800000, 0x0000000090900000, 0x0000000090900000|100%| O|  |TAMS 0x0000000090800000, 0x0000000090800000| Untracked 
| 265|0x0000000090900000, 0x0000000090a00000, 0x0000000090a00000|100%| O|  |TAMS 0x0000000090a00000, 0x0000000090900000| Untracked 
| 266|0x0000000090a00000, 0x0000000090b00000, 0x0000000090b00000|100%| O|  |TAMS 0x0000000090b00000, 0x0000000090a00000| Untracked 
| 267|0x0000000090b00000, 0x0000000090c00000, 0x0000000090c00000|100%| O|  |TAMS 0x0000000090b00000, 0x0000000090b00000| Untracked 
| 268|0x0000000090c00000, 0x0000000090d00000, 0x0000000090d00000|100%| O|  |TAMS 0x0000000090c00000, 0x0000000090c00000| Untracked 
| 269|0x0000000090d00000, 0x0000000090e00000, 0x0000000090e00000|100%| O|  |TAMS 0x0000000090e00000, 0x0000000090d00000| Untracked 
| 270|0x0000000090e00000, 0x0000000090f00000, 0x0000000090f00000|100%| O|  |TAMS 0x0000000090e00000, 0x0000000090e00000| Untracked 
| 271|0x0000000090f00000, 0x0000000091000000, 0x0000000091000000|100%| O|  |TAMS 0x0000000090f00000, 0x0000000090f00000| Untracked 
| 272|0x0000000091000000, 0x0000000091100000, 0x0000000091100000|100%| O|  |TAMS 0x0000000091000000, 0x0000000091000000| Untracked 
| 273|0x0000000091100000, 0x0000000091200000, 0x0000000091200000|100%| O|  |TAMS 0x0000000091100000, 0x0000000091100000| Untracked 
| 274|0x0000000091200000, 0x0000000091300000, 0x0000000091300000|100%| O|  |TAMS 0x0000000091200000, 0x0000000091200000| Untracked 
| 275|0x0000000091300000, 0x0000000091400000, 0x0000000091400000|100%| O|  |TAMS 0x0000000091300000, 0x0000000091300000| Untracked 
| 276|0x0000000091400000, 0x0000000091500000, 0x0000000091500000|100%| O|  |TAMS 0x0000000091400000, 0x0000000091400000| Untracked 
| 277|0x0000000091500000, 0x0000000091600000, 0x0000000091600000|100%| O|  |TAMS 0x0000000091500000, 0x0000000091500000| Untracked 
| 278|0x0000000091600000, 0x0000000091700000, 0x0000000091700000|100%| O|  |TAMS 0x0000000091700000, 0x0000000091600000| Untracked 
| 279|0x0000000091700000, 0x0000000091800000, 0x0000000091800000|100%| O|  |TAMS 0x0000000091700000, 0x0000000091700000| Untracked 
| 280|0x0000000091800000, 0x0000000091900000, 0x0000000091900000|100%| O|  |TAMS 0x0000000091900000, 0x0000000091800000| Untracked 
| 281|0x0000000091900000, 0x0000000091a00000, 0x0000000091a00000|100%| O|  |TAMS 0x0000000091900000, 0x0000000091900000| Untracked 
| 282|0x0000000091a00000, 0x0000000091b00000, 0x0000000091b00000|100%| O|  |TAMS 0x0000000091b00000, 0x0000000091a00000| Untracked 
| 283|0x0000000091b00000, 0x0000000091c00000, 0x0000000091c00000|100%| O|  |TAMS 0x0000000091b00000, 0x0000000091b00000| Untracked 
| 284|0x0000000091c00000, 0x0000000091d00000, 0x0000000091d00000|100%| O|  |TAMS 0x0000000091d00000, 0x0000000091c00000| Untracked 
| 285|0x0000000091d00000, 0x0000000091e00000, 0x0000000091e00000|100%| O|  |TAMS 0x0000000091e00000, 0x0000000091d00000| Untracked 
| 286|0x0000000091e00000, 0x0000000091f00000, 0x0000000091f00000|100%| O|  |TAMS 0x0000000091f00000, 0x0000000091e00000| Untracked 
| 287|0x0000000091f00000, 0x0000000092000000, 0x0000000092000000|100%| O|  |TAMS 0x0000000092000000, 0x0000000091f00000| Untracked 
| 288|0x0000000092000000, 0x0000000092100000, 0x0000000092100000|100%| O|  |TAMS 0x0000000092000000, 0x0000000092000000| Untracked 
| 289|0x0000000092100000, 0x0000000092200000, 0x0000000092200000|100%| O|  |TAMS 0x0000000092100000, 0x0000000092100000| Untracked 
| 290|0x0000000092200000, 0x0000000092300000, 0x0000000092300000|100%| O|  |TAMS 0x0000000092200000, 0x0000000092200000| Untracked 
| 291|0x0000000092300000, 0x0000000092400000, 0x0000000092400000|100%| O|  |TAMS 0x0000000092400000, 0x0000000092300000| Untracked 
| 292|0x0000000092400000, 0x0000000092500000, 0x0000000092500000|100%| O|  |TAMS 0x0000000092400000, 0x0000000092400000| Untracked 
| 293|0x0000000092500000, 0x0000000092600000, 0x0000000092600000|100%| O|  |TAMS 0x0000000092600000, 0x0000000092500000| Untracked 
| 294|0x0000000092600000, 0x0000000092700000, 0x0000000092700000|100%| O|  |TAMS 0x0000000092700000, 0x0000000092600000| Untracked 
| 295|0x0000000092700000, 0x0000000092800000, 0x0000000092800000|100%| O|  |TAMS 0x0000000092800000, 0x0000000092700000| Untracked 
| 296|0x0000000092800000, 0x0000000092900000, 0x0000000092900000|100%| O|  |TAMS 0x0000000092900000, 0x0000000092800000| Untracked 
| 297|0x0000000092900000, 0x0000000092a00000, 0x0000000092a00000|100%| O|  |TAMS 0x0000000092a00000, 0x0000000092900000| Untracked 
| 298|0x0000000092a00000, 0x0000000092b00000, 0x0000000092b00000|100%| O|  |TAMS 0x0000000092a00000, 0x0000000092a00000| Untracked 
| 299|0x0000000092b00000, 0x0000000092c00000, 0x0000000092c00000|100%| O|  |TAMS 0x0000000092c00000, 0x0000000092b00000| Untracked 
| 300|0x0000000092c00000, 0x0000000092d00000, 0x0000000092d00000|100%| O|  |TAMS 0x0000000092c00000, 0x0000000092c00000| Untracked 
| 301|0x0000000092d00000, 0x0000000092e00000, 0x0000000092e00000|100%| O|  |TAMS 0x0000000092e00000, 0x0000000092d00000| Untracked 
| 302|0x0000000092e00000, 0x0000000092f00000, 0x0000000092f00000|100%| O|  |TAMS 0x0000000092f00000, 0x0000000092e00000| Untracked 
| 303|0x0000000092f00000, 0x0000000093000000, 0x0000000093000000|100%| O|  |TAMS 0x0000000092f00000, 0x0000000092f00000| Untracked 
| 304|0x0000000093000000, 0x0000000093100000, 0x0000000093100000|100%| O|  |TAMS 0x0000000093100000, 0x0000000093000000| Untracked 
| 305|0x0000000093100000, 0x0000000093200000, 0x0000000093200000|100%| O|  |TAMS 0x0000000093100000, 0x0000000093100000| Untracked 
| 306|0x0000000093200000, 0x0000000093300000, 0x0000000093300000|100%| O|  |TAMS 0x0000000093200000, 0x0000000093200000| Untracked 
| 307|0x0000000093300000, 0x0000000093400000, 0x0000000093400000|100%| O|  |TAMS 0x0000000093400000, 0x0000000093300000| Untracked 
| 308|0x0000000093400000, 0x0000000093500000, 0x0000000093500000|100%| O|  |TAMS 0x0000000093500000, 0x0000000093400000| Untracked 
| 309|0x0000000093500000, 0x0000000093600000, 0x0000000093600000|100%| O|  |TAMS 0x0000000093600000, 0x0000000093500000| Untracked 
| 310|0x0000000093600000, 0x0000000093700000, 0x0000000093700000|100%| O|  |TAMS 0x0000000093700000, 0x0000000093600000| Untracked 
| 311|0x0000000093700000, 0x0000000093800000, 0x0000000093800000|100%| O|  |TAMS 0x0000000093800000, 0x0000000093700000| Untracked 
| 312|0x0000000093800000, 0x0000000093900000, 0x0000000093900000|100%| O|  |TAMS 0x0000000093900000, 0x0000000093800000| Complete 
| 313|0x0000000093900000, 0x0000000093a00000, 0x0000000093a00000|100%| O|  |TAMS 0x0000000093a00000, 0x0000000093900000| Untracked 
| 314|0x0000000093a00000, 0x0000000093b00000, 0x0000000093b00000|100%| O|  |TAMS 0x0000000093b00000, 0x0000000093a00000| Untracked 
| 315|0x0000000093b00000, 0x0000000093c00000, 0x0000000093c00000|100%| O|  |TAMS 0x0000000093c00000, 0x0000000093b00000| Untracked 
| 316|0x0000000093c00000, 0x0000000093d00000, 0x0000000093d00000|100%| O|  |TAMS 0x0000000093d00000, 0x0000000093c00000| Untracked 
| 317|0x0000000093d00000, 0x0000000093e00000, 0x0000000093e00000|100%| O|  |TAMS 0x0000000093e00000, 0x0000000093d00000| Untracked 
| 318|0x0000000093e00000, 0x0000000093f00000, 0x0000000093f00000|100%| O|  |TAMS 0x0000000093f00000, 0x0000000093e00000| Untracked 
| 319|0x0000000093f00000, 0x0000000094000000, 0x0000000094000000|100%| O|  |TAMS 0x0000000094000000, 0x0000000093f00000| Untracked 
| 320|0x0000000094000000, 0x0000000094100000, 0x0000000094100000|100%| O|  |TAMS 0x0000000094100000, 0x0000000094000000| Untracked 
| 321|0x0000000094100000, 0x0000000094200000, 0x0000000094200000|100%| O|  |TAMS 0x0000000094200000, 0x0000000094100000| Untracked 
| 322|0x0000000094200000, 0x0000000094300000, 0x0000000094300000|100%| O|  |TAMS 0x0000000094300000, 0x0000000094200000| Untracked 
| 323|0x0000000094300000, 0x0000000094400000, 0x0000000094400000|100%| O|  |TAMS 0x0000000094400000, 0x0000000094300000| Untracked 
| 324|0x0000000094400000, 0x0000000094500000, 0x0000000094500000|100%| O|  |TAMS 0x0000000094500000, 0x0000000094400000| Untracked 
| 325|0x0000000094500000, 0x0000000094600000, 0x0000000094600000|100%| O|  |TAMS 0x0000000094600000, 0x0000000094500000| Untracked 
| 326|0x0000000094600000, 0x0000000094700000, 0x0000000094700000|100%| O|  |TAMS 0x0000000094700000, 0x0000000094600000| Untracked 
| 327|0x0000000094700000, 0x0000000094800000, 0x0000000094800000|100%| O|  |TAMS 0x0000000094800000, 0x0000000094700000| Untracked 
| 328|0x0000000094800000, 0x0000000094900000, 0x0000000094900000|100%| O|  |TAMS 0x0000000094900000, 0x0000000094800000| Untracked 
| 329|0x0000000094900000, 0x0000000094a00000, 0x0000000094a00000|100%| O|  |TAMS 0x0000000094a00000, 0x0000000094900000| Untracked 
| 330|0x0000000094a00000, 0x0000000094b00000, 0x0000000094b00000|100%| O|  |TAMS 0x0000000094b00000, 0x0000000094a00000| Untracked 
| 331|0x0000000094b00000, 0x0000000094c00000, 0x0000000094c00000|100%| O|  |TAMS 0x0000000094c00000, 0x0000000094b00000| Untracked 
| 332|0x0000000094c00000, 0x0000000094d00000, 0x0000000094d00000|100%| O|  |TAMS 0x0000000094d00000, 0x0000000094c00000| Untracked 
| 333|0x0000000094d00000, 0x0000000094e00000, 0x0000000094e00000|100%| O|  |TAMS 0x0000000094e00000, 0x0000000094d00000| Untracked 
| 334|0x0000000094e00000, 0x0000000094f00000, 0x0000000094f00000|100%| O|  |TAMS 0x0000000094f00000, 0x0000000094e00000| Untracked 
| 335|0x0000000094f00000, 0x0000000095000000, 0x0000000095000000|100%| O|  |TAMS 0x0000000095000000, 0x0000000094f00000| Untracked 
| 336|0x0000000095000000, 0x0000000095100000, 0x0000000095100000|100%| O|  |TAMS 0x0000000095100000, 0x0000000095000000| Untracked 
| 337|0x0000000095100000, 0x0000000095200000, 0x0000000095200000|100%| O|  |TAMS 0x0000000095200000, 0x0000000095100000| Untracked 
| 338|0x0000000095200000, 0x0000000095300000, 0x0000000095300000|100%| O|  |TAMS 0x0000000095300000, 0x0000000095200000| Untracked 
| 339|0x0000000095300000, 0x0000000095400000, 0x0000000095400000|100%| O|  |TAMS 0x0000000095400000, 0x0000000095300000| Untracked 
| 340|0x0000000095400000, 0x0000000095500000, 0x0000000095500000|100%| O|  |TAMS 0x0000000095500000, 0x0000000095400000| Untracked 
| 341|0x0000000095500000, 0x0000000095600000, 0x0000000095600000|100%| O|  |TAMS 0x0000000095600000, 0x0000000095500000| Untracked 
| 342|0x0000000095600000, 0x0000000095700000, 0x0000000095700000|100%| O|  |TAMS 0x0000000095700000, 0x0000000095600000| Untracked 
| 343|0x0000000095700000, 0x0000000095800000, 0x0000000095800000|100%| O|  |TAMS 0x0000000095800000, 0x0000000095700000| Untracked 
| 344|0x0000000095800000, 0x0000000095900000, 0x0000000095900000|100%| O|  |TAMS 0x0000000095900000, 0x0000000095800000| Untracked 
| 345|0x0000000095900000, 0x0000000095a00000, 0x0000000095a00000|100%| O|  |TAMS 0x0000000095a00000, 0x0000000095900000| Untracked 
| 346|0x0000000095a00000, 0x0000000095b00000, 0x0000000095b00000|100%| O|  |TAMS 0x0000000095b00000, 0x0000000095a00000| Untracked 
| 347|0x0000000095b00000, 0x0000000095c00000, 0x0000000095c00000|100%| O|  |TAMS 0x0000000095c00000, 0x0000000095b00000| Untracked 
| 348|0x0000000095c00000, 0x0000000095d00000, 0x0000000095d00000|100%| O|  |TAMS 0x0000000095d00000, 0x0000000095c00000| Untracked 
| 349|0x0000000095d00000, 0x0000000095e00000, 0x0000000095e00000|100%| O|  |TAMS 0x0000000095e00000, 0x0000000095d00000| Untracked 
| 350|0x0000000095e00000, 0x0000000095f00000, 0x0000000095f00000|100%| O|  |TAMS 0x0000000095f00000, 0x0000000095e00000| Untracked 
| 351|0x0000000095f00000, 0x0000000096000000, 0x0000000096000000|100%| O|  |TAMS 0x0000000096000000, 0x0000000095f00000| Untracked 
| 352|0x0000000096000000, 0x0000000096100000, 0x0000000096100000|100%| O|  |TAMS 0x0000000096100000, 0x0000000096000000| Untracked 
| 353|0x0000000096100000, 0x0000000096200000, 0x0000000096200000|100%| O|  |TAMS 0x0000000096200000, 0x0000000096100000| Untracked 
| 354|0x0000000096200000, 0x0000000096300000, 0x0000000096300000|100%| O|  |TAMS 0x0000000096300000, 0x0000000096200000| Untracked 
| 355|0x0000000096300000, 0x0000000096300000, 0x0000000096400000|  0%| F|  |TAMS 0x0000000096300000, 0x0000000096300000| Untracked 
| 356|0x0000000096400000, 0x0000000096500000, 0x0000000096500000|100%| O|  |TAMS 0x0000000096400000, 0x0000000096400000| Untracked 
| 357|0x0000000096500000, 0x0000000096600000, 0x0000000096600000|100%| O|  |TAMS 0x0000000096500000, 0x0000000096500000| Untracked 
| 358|0x0000000096600000, 0x0000000096700000, 0x0000000096700000|100%| O|  |TAMS 0x0000000096700000, 0x0000000096600000| Untracked 
| 359|0x0000000096700000, 0x0000000096800000, 0x0000000096800000|100%| O|  |TAMS 0x0000000096800000, 0x0000000096700000| Untracked 
| 360|0x0000000096800000, 0x0000000096900000, 0x0000000096900000|100%| O|  |TAMS 0x0000000096900000, 0x0000000096800000| Untracked 
| 361|0x0000000096900000, 0x0000000096a00000, 0x0000000096a00000|100%| O|  |TAMS 0x0000000096900000, 0x0000000096900000| Untracked 
| 362|0x0000000096a00000, 0x0000000096b00000, 0x0000000096b00000|100%| O|  |TAMS 0x0000000096a00000, 0x0000000096a00000| Untracked 
| 363|0x0000000096b00000, 0x0000000096c00000, 0x0000000096c00000|100%| O|  |TAMS 0x0000000096c00000, 0x0000000096b00000| Untracked 
| 364|0x0000000096c00000, 0x0000000096d00000, 0x0000000096d00000|100%| O|  |TAMS 0x0000000096d00000, 0x0000000096c00000| Untracked 
| 365|0x0000000096d00000, 0x0000000096e00000, 0x0000000096e00000|100%| O|  |TAMS 0x0000000096e00000, 0x0000000096d00000| Complete 
| 366|0x0000000096e00000, 0x0000000096f00000, 0x0000000096f00000|100%| O|  |TAMS 0x0000000096e00000, 0x0000000096e00000| Untracked 
| 367|0x0000000096f00000, 0x0000000096fac800, 0x0000000097000000| 67%| O|  |TAMS 0x0000000096f00000, 0x0000000096f00000| Untracked 
| 368|0x0000000097000000, 0x0000000097000000, 0x0000000097100000|  0%| F|  |TAMS 0x0000000097000000, 0x0000000097000000| Untracked 
| 369|0x0000000097100000, 0x0000000097100000, 0x0000000097200000|  0%| F|  |TAMS 0x0000000097100000, 0x0000000097100000| Untracked 
| 370|0x0000000097200000, 0x0000000097200000, 0x0000000097300000|  0%| F|  |TAMS 0x0000000097200000, 0x0000000097200000| Untracked 
| 371|0x0000000097300000, 0x0000000097300000, 0x0000000097400000|  0%| F|  |TAMS 0x0000000097300000, 0x0000000097300000| Untracked 
| 372|0x0000000097400000, 0x0000000097400000, 0x0000000097500000|  0%| F|  |TAMS 0x0000000097400000, 0x0000000097400000| Untracked 
| 373|0x0000000097500000, 0x0000000097500000, 0x0000000097600000|  0%| F|  |TAMS 0x0000000097500000, 0x0000000097500000| Untracked 
| 374|0x0000000097600000, 0x0000000097600000, 0x0000000097700000|  0%| F|  |TAMS 0x0000000097600000, 0x0000000097600000| Untracked 
| 375|0x0000000097700000, 0x0000000097700000, 0x0000000097800000|  0%| F|  |TAMS 0x0000000097700000, 0x0000000097700000| Untracked 
| 376|0x0000000097800000, 0x0000000097800000, 0x0000000097900000|  0%| F|  |TAMS 0x0000000097800000, 0x0000000097800000| Untracked 
| 377|0x0000000097900000, 0x0000000097a00000, 0x0000000097a00000|100%| O|  |TAMS 0x0000000097a00000, 0x0000000097900000| Untracked 
| 378|0x0000000097a00000, 0x0000000097b00000, 0x0000000097b00000|100%| O|  |TAMS 0x0000000097b00000, 0x0000000097a00000| Untracked 
| 379|0x0000000097b00000, 0x0000000097c00000, 0x0000000097c00000|100%| O|  |TAMS 0x0000000097c00000, 0x0000000097b00000| Untracked 
| 380|0x0000000097c00000, 0x0000000097d00000, 0x0000000097d00000|100%| O|  |TAMS 0x0000000097d00000, 0x0000000097c00000| Untracked 
| 381|0x0000000097d00000, 0x0000000097e00000, 0x0000000097e00000|100%| O|  |TAMS 0x0000000097e00000, 0x0000000097d00000| Untracked 
| 382|0x0000000097e00000, 0x0000000097f00000, 0x0000000097f00000|100%| O|  |TAMS 0x0000000097f00000, 0x0000000097e00000| Untracked 
| 383|0x0000000097f00000, 0x0000000098000000, 0x0000000098000000|100%| O|  |TAMS 0x0000000098000000, 0x0000000097f00000| Untracked 
| 384|0x0000000098000000, 0x0000000098100000, 0x0000000098100000|100%| O|  |TAMS 0x0000000098100000, 0x0000000098000000| Untracked 
| 385|0x0000000098100000, 0x0000000098100000, 0x0000000098200000|  0%| F|  |TAMS 0x0000000098100000, 0x0000000098100000| Untracked 
| 386|0x0000000098200000, 0x0000000098300000, 0x0000000098300000|100%| O|  |TAMS 0x0000000098300000, 0x0000000098200000| Untracked 
| 387|0x0000000098300000, 0x0000000098300000, 0x0000000098400000|  0%| F|  |TAMS 0x0000000098300000, 0x0000000098300000| Untracked 
| 388|0x0000000098400000, 0x0000000098400000, 0x0000000098500000|  0%| F|  |TAMS 0x0000000098400000, 0x0000000098400000| Untracked 
| 389|0x0000000098500000, 0x0000000098500000, 0x0000000098600000|  0%| F|  |TAMS 0x0000000098500000, 0x0000000098500000| Untracked 
| 390|0x0000000098600000, 0x0000000098600000, 0x0000000098700000|  0%| F|  |TAMS 0x0000000098600000, 0x0000000098600000| Untracked 
| 391|0x0000000098700000, 0x0000000098700000, 0x0000000098800000|  0%| F|  |TAMS 0x0000000098700000, 0x0000000098700000| Untracked 
| 392|0x0000000098800000, 0x0000000098900000, 0x0000000098900000|100%| O|  |TAMS 0x0000000098900000, 0x0000000098800000| Untracked 
| 393|0x0000000098900000, 0x0000000098a00000, 0x0000000098a00000|100%| O|  |TAMS 0x0000000098a00000, 0x0000000098900000| Untracked 
| 394|0x0000000098a00000, 0x0000000098a00000, 0x0000000098b00000|  0%| F|  |TAMS 0x0000000098a00000, 0x0000000098a00000| Untracked 
| 395|0x0000000098b00000, 0x0000000098b00000, 0x0000000098c00000|  0%| F|  |TAMS 0x0000000098b00000, 0x0000000098b00000| Untracked 
| 396|0x0000000098c00000, 0x0000000098c00000, 0x0000000098d00000|  0%| F|  |TAMS 0x0000000098c00000, 0x0000000098c00000| Untracked 
| 397|0x0000000098d00000, 0x0000000098d00000, 0x0000000098e00000|  0%| F|  |TAMS 0x0000000098d00000, 0x0000000098d00000| Untracked 
| 398|0x0000000098e00000, 0x0000000098e00000, 0x0000000098f00000|  0%| F|  |TAMS 0x0000000098e00000, 0x0000000098e00000| Untracked 
| 399|0x0000000098f00000, 0x0000000098f00000, 0x0000000099000000|  0%| F|  |TAMS 0x0000000098f00000, 0x0000000098f00000| Untracked 
| 400|0x0000000099000000, 0x0000000099000000, 0x0000000099100000|  0%| F|  |TAMS 0x0000000099000000, 0x0000000099000000| Untracked 
| 401|0x0000000099100000, 0x0000000099100000, 0x0000000099200000|  0%| F|  |TAMS 0x0000000099100000, 0x0000000099100000| Untracked 
| 402|0x0000000099200000, 0x0000000099200000, 0x0000000099300000|  0%| F|  |TAMS 0x0000000099200000, 0x0000000099200000| Untracked 
| 403|0x0000000099300000, 0x0000000099300000, 0x0000000099400000|  0%| F|  |TAMS 0x0000000099300000, 0x0000000099300000| Untracked 
| 404|0x0000000099400000, 0x0000000099400000, 0x0000000099500000|  0%| F|  |TAMS 0x0000000099400000, 0x0000000099400000| Untracked 
| 405|0x0000000099500000, 0x0000000099500000, 0x0000000099600000|  0%| F|  |TAMS 0x0000000099500000, 0x0000000099500000| Untracked 
| 406|0x0000000099600000, 0x0000000099600000, 0x0000000099700000|  0%| F|  |TAMS 0x0000000099600000, 0x0000000099600000| Untracked 
| 407|0x0000000099700000, 0x0000000099700000, 0x0000000099800000|  0%| F|  |TAMS 0x0000000099700000, 0x0000000099700000| Untracked 
| 408|0x0000000099800000, 0x0000000099800000, 0x0000000099900000|  0%| F|  |TAMS 0x0000000099800000, 0x0000000099800000| Untracked 
| 409|0x0000000099900000, 0x0000000099900000, 0x0000000099a00000|  0%| F|  |TAMS 0x0000000099900000, 0x0000000099900000| Untracked 
| 410|0x0000000099a00000, 0x0000000099a00000, 0x0000000099b00000|  0%| F|  |TAMS 0x0000000099a00000, 0x0000000099a00000| Untracked 
| 411|0x0000000099b00000, 0x0000000099b00000, 0x0000000099c00000|  0%| F|  |TAMS 0x0000000099b00000, 0x0000000099b00000| Untracked 
| 412|0x0000000099c00000, 0x0000000099c00000, 0x0000000099d00000|  0%| F|  |TAMS 0x0000000099c00000, 0x0000000099c00000| Untracked 
| 413|0x0000000099d00000, 0x0000000099d00000, 0x0000000099e00000|  0%| F|  |TAMS 0x0000000099d00000, 0x0000000099d00000| Untracked 
| 414|0x0000000099e00000, 0x0000000099e00000, 0x0000000099f00000|  0%| F|  |TAMS 0x0000000099e00000, 0x0000000099e00000| Untracked 
| 415|0x0000000099f00000, 0x0000000099f00000, 0x000000009a000000|  0%| F|  |TAMS 0x0000000099f00000, 0x0000000099f00000| Untracked 
| 416|0x000000009a000000, 0x000000009a000000, 0x000000009a100000|  0%| F|  |TAMS 0x000000009a000000, 0x000000009a000000| Untracked 
| 417|0x000000009a100000, 0x000000009a100000, 0x000000009a200000|  0%| F|  |TAMS 0x000000009a100000, 0x000000009a100000| Untracked 
| 418|0x000000009a200000, 0x000000009a200000, 0x000000009a300000|  0%| F|  |TAMS 0x000000009a200000, 0x000000009a200000| Untracked 
| 419|0x000000009a300000, 0x000000009a300000, 0x000000009a400000|  0%| F|  |TAMS 0x000000009a300000, 0x000000009a300000| Untracked 
| 420|0x000000009a400000, 0x000000009a400000, 0x000000009a500000|  0%| F|  |TAMS 0x000000009a400000, 0x000000009a400000| Untracked 
| 421|0x000000009a500000, 0x000000009a500000, 0x000000009a600000|  0%| F|  |TAMS 0x000000009a500000, 0x000000009a500000| Untracked 
| 422|0x000000009a600000, 0x000000009a600000, 0x000000009a700000|  0%| F|  |TAMS 0x000000009a600000, 0x000000009a600000| Untracked 
| 423|0x000000009a700000, 0x000000009a700000, 0x000000009a800000|  0%| F|  |TAMS 0x000000009a700000, 0x000000009a700000| Untracked 
| 424|0x000000009a800000, 0x000000009a800000, 0x000000009a900000|  0%| F|  |TAMS 0x000000009a800000, 0x000000009a800000| Untracked 
| 425|0x000000009a900000, 0x000000009a900000, 0x000000009aa00000|  0%| F|  |TAMS 0x000000009a900000, 0x000000009a900000| Untracked 
| 426|0x000000009aa00000, 0x000000009aa00000, 0x000000009ab00000|  0%| F|  |TAMS 0x000000009aa00000, 0x000000009aa00000| Untracked 
| 427|0x000000009ab00000, 0x000000009ab00000, 0x000000009ac00000|  0%| F|  |TAMS 0x000000009ab00000, 0x000000009ab00000| Untracked 
| 428|0x000000009ac00000, 0x000000009ac00000, 0x000000009ad00000|  0%| F|  |TAMS 0x000000009ac00000, 0x000000009ac00000| Untracked 
| 429|0x000000009ad00000, 0x000000009ad00000, 0x000000009ae00000|  0%| F|  |TAMS 0x000000009ad00000, 0x000000009ad00000| Untracked 
| 430|0x000000009ae00000, 0x000000009ae00000, 0x000000009af00000|  0%| F|  |TAMS 0x000000009ae00000, 0x000000009ae00000| Untracked 
| 431|0x000000009af00000, 0x000000009af00000, 0x000000009b000000|  0%| F|  |TAMS 0x000000009af00000, 0x000000009af00000| Untracked 
| 432|0x000000009b000000, 0x000000009b000000, 0x000000009b100000|  0%| F|  |TAMS 0x000000009b000000, 0x000000009b000000| Untracked 
| 433|0x000000009b100000, 0x000000009b100000, 0x000000009b200000|  0%| F|  |TAMS 0x000000009b100000, 0x000000009b100000| Untracked 
| 434|0x000000009b200000, 0x000000009b200000, 0x000000009b300000|  0%| F|  |TAMS 0x000000009b200000, 0x000000009b200000| Untracked 
| 435|0x000000009b300000, 0x000000009b300000, 0x000000009b400000|  0%| F|  |TAMS 0x000000009b300000, 0x000000009b300000| Untracked 
| 436|0x000000009b400000, 0x000000009b400000, 0x000000009b500000|  0%| F|  |TAMS 0x000000009b400000, 0x000000009b400000| Untracked 
| 437|0x000000009b500000, 0x000000009b500000, 0x000000009b600000|  0%| F|  |TAMS 0x000000009b500000, 0x000000009b500000| Untracked 
| 438|0x000000009b600000, 0x000000009b600000, 0x000000009b700000|  0%| F|  |TAMS 0x000000009b600000, 0x000000009b600000| Untracked 
| 439|0x000000009b700000, 0x000000009b700000, 0x000000009b800000|  0%| F|  |TAMS 0x000000009b700000, 0x000000009b700000| Untracked 
| 440|0x000000009b800000, 0x000000009b800000, 0x000000009b900000|  0%| F|  |TAMS 0x000000009b800000, 0x000000009b800000| Untracked 
| 441|0x000000009b900000, 0x000000009b900000, 0x000000009ba00000|  0%| F|  |TAMS 0x000000009b900000, 0x000000009b900000| Untracked 
| 442|0x000000009ba00000, 0x000000009ba00000, 0x000000009bb00000|  0%| F|  |TAMS 0x000000009ba00000, 0x000000009ba00000| Untracked 
| 443|0x000000009bb00000, 0x000000009bb00000, 0x000000009bc00000|  0%| F|  |TAMS 0x000000009bb00000, 0x000000009bb00000| Untracked 
| 444|0x000000009bc00000, 0x000000009bc00000, 0x000000009bd00000|  0%| F|  |TAMS 0x000000009bc00000, 0x000000009bc00000| Untracked 
| 445|0x000000009bd00000, 0x000000009bd00000, 0x000000009be00000|  0%| F|  |TAMS 0x000000009bd00000, 0x000000009bd00000| Untracked 
| 446|0x000000009be00000, 0x000000009be00000, 0x000000009bf00000|  0%| F|  |TAMS 0x000000009be00000, 0x000000009be00000| Untracked 
| 447|0x000000009bf00000, 0x000000009bf00000, 0x000000009c000000|  0%| F|  |TAMS 0x000000009bf00000, 0x000000009bf00000| Untracked 
| 448|0x000000009c000000, 0x000000009c000000, 0x000000009c100000|  0%| F|  |TAMS 0x000000009c000000, 0x000000009c000000| Untracked 
| 449|0x000000009c100000, 0x000000009c100000, 0x000000009c200000|  0%| F|  |TAMS 0x000000009c100000, 0x000000009c100000| Untracked 
| 450|0x000000009c200000, 0x000000009c200000, 0x000000009c300000|  0%| F|  |TAMS 0x000000009c200000, 0x000000009c200000| Untracked 
| 451|0x000000009c300000, 0x000000009c300000, 0x000000009c400000|  0%| F|  |TAMS 0x000000009c300000, 0x000000009c300000| Untracked 
| 452|0x000000009c400000, 0x000000009c400000, 0x000000009c500000|  0%| F|  |TAMS 0x000000009c400000, 0x000000009c400000| Untracked 
| 453|0x000000009c500000, 0x000000009c500000, 0x000000009c600000|  0%| F|  |TAMS 0x000000009c500000, 0x000000009c500000| Untracked 
| 454|0x000000009c600000, 0x000000009c600000, 0x000000009c700000|  0%| F|  |TAMS 0x000000009c600000, 0x000000009c600000| Untracked 
| 455|0x000000009c700000, 0x000000009c700000, 0x000000009c800000|  0%| F|  |TAMS 0x000000009c700000, 0x000000009c700000| Untracked 
| 456|0x000000009c800000, 0x000000009c800000, 0x000000009c900000|  0%| F|  |TAMS 0x000000009c800000, 0x000000009c800000| Untracked 
| 457|0x000000009c900000, 0x000000009c900000, 0x000000009ca00000|  0%| F|  |TAMS 0x000000009c900000, 0x000000009c900000| Untracked 
| 458|0x000000009ca00000, 0x000000009ca00000, 0x000000009cb00000|  0%| F|  |TAMS 0x000000009ca00000, 0x000000009ca00000| Untracked 
| 459|0x000000009cb00000, 0x000000009cb00000, 0x000000009cc00000|  0%| F|  |TAMS 0x000000009cb00000, 0x000000009cb00000| Untracked 
| 460|0x000000009cc00000, 0x000000009cc00000, 0x000000009cd00000|  0%| F|  |TAMS 0x000000009cc00000, 0x000000009cc00000| Untracked 
| 461|0x000000009cd00000, 0x000000009cd00000, 0x000000009ce00000|  0%| F|  |TAMS 0x000000009cd00000, 0x000000009cd00000| Untracked 
| 462|0x000000009ce00000, 0x000000009ce00000, 0x000000009cf00000|  0%| F|  |TAMS 0x000000009ce00000, 0x000000009ce00000| Untracked 
| 463|0x000000009cf00000, 0x000000009cf00000, 0x000000009d000000|  0%| F|  |TAMS 0x000000009cf00000, 0x000000009cf00000| Untracked 
| 464|0x000000009d000000, 0x000000009d000000, 0x000000009d100000|  0%| F|  |TAMS 0x000000009d000000, 0x000000009d000000| Untracked 
| 465|0x000000009d100000, 0x000000009d100000, 0x000000009d200000|  0%| F|  |TAMS 0x000000009d100000, 0x000000009d100000| Untracked 
| 466|0x000000009d200000, 0x000000009d200000, 0x000000009d300000|  0%| F|  |TAMS 0x000000009d200000, 0x000000009d200000| Untracked 
| 467|0x000000009d300000, 0x000000009d300000, 0x000000009d400000|  0%| F|  |TAMS 0x000000009d300000, 0x000000009d300000| Untracked 
| 468|0x000000009d400000, 0x000000009d400000, 0x000000009d500000|  0%| F|  |TAMS 0x000000009d400000, 0x000000009d400000| Untracked 
| 469|0x000000009d500000, 0x000000009d500000, 0x000000009d600000|  0%| F|  |TAMS 0x000000009d500000, 0x000000009d500000| Untracked 
| 470|0x000000009d600000, 0x000000009d600000, 0x000000009d700000|  0%| F|  |TAMS 0x000000009d600000, 0x000000009d600000| Untracked 
| 471|0x000000009d700000, 0x000000009d700000, 0x000000009d800000|  0%| F|  |TAMS 0x000000009d700000, 0x000000009d700000| Untracked 
| 472|0x000000009d800000, 0x000000009d800000, 0x000000009d900000|  0%| F|  |TAMS 0x000000009d800000, 0x000000009d800000| Untracked 
| 473|0x000000009d900000, 0x000000009d900000, 0x000000009da00000|  0%| F|  |TAMS 0x000000009d900000, 0x000000009d900000| Untracked 
| 474|0x000000009da00000, 0x000000009da00000, 0x000000009db00000|  0%| F|  |TAMS 0x000000009da00000, 0x000000009da00000| Untracked 
| 475|0x000000009db00000, 0x000000009db00000, 0x000000009dc00000|  0%| F|  |TAMS 0x000000009db00000, 0x000000009db00000| Untracked 
| 476|0x000000009dc00000, 0x000000009dc00000, 0x000000009dd00000|  0%| F|  |TAMS 0x000000009dc00000, 0x000000009dc00000| Untracked 
| 477|0x000000009dd00000, 0x000000009dd00000, 0x000000009de00000|  0%| F|  |TAMS 0x000000009dd00000, 0x000000009dd00000| Untracked 
| 478|0x000000009de00000, 0x000000009de00000, 0x000000009df00000|  0%| F|  |TAMS 0x000000009de00000, 0x000000009de00000| Untracked 
| 479|0x000000009df00000, 0x000000009df00000, 0x000000009e000000|  0%| F|  |TAMS 0x000000009df00000, 0x000000009df00000| Untracked 
| 480|0x000000009e000000, 0x000000009e000000, 0x000000009e100000|  0%| F|  |TAMS 0x000000009e000000, 0x000000009e000000| Untracked 
| 481|0x000000009e100000, 0x000000009e100000, 0x000000009e200000|  0%| F|  |TAMS 0x000000009e100000, 0x000000009e100000| Untracked 
| 482|0x000000009e200000, 0x000000009e200000, 0x000000009e300000|  0%| F|  |TAMS 0x000000009e200000, 0x000000009e200000| Untracked 
| 483|0x000000009e300000, 0x000000009e300000, 0x000000009e400000|  0%| F|  |TAMS 0x000000009e300000, 0x000000009e300000| Untracked 
| 484|0x000000009e400000, 0x000000009e400000, 0x000000009e500000|  0%| F|  |TAMS 0x000000009e400000, 0x000000009e400000| Untracked 
| 485|0x000000009e500000, 0x000000009e600000, 0x000000009e600000|100%| O|  |TAMS 0x000000009e600000, 0x000000009e500000| Untracked 
| 486|0x000000009e600000, 0x000000009e600000, 0x000000009e700000|  0%| F|  |TAMS 0x000000009e600000, 0x000000009e600000| Untracked 
| 487|0x000000009e700000, 0x000000009e800000, 0x000000009e800000|100%| O|  |TAMS 0x000000009e800000, 0x000000009e700000| Untracked 
| 488|0x000000009e800000, 0x000000009e900000, 0x000000009e900000|100%| O|  |TAMS 0x000000009e900000, 0x000000009e800000| Untracked 
| 489|0x000000009e900000, 0x000000009ea00000, 0x000000009ea00000|100%| O|  |TAMS 0x000000009ea00000, 0x000000009e900000| Untracked 
| 490|0x000000009ea00000, 0x000000009eb00000, 0x000000009eb00000|100%| O|  |TAMS 0x000000009eb00000, 0x000000009ea00000| Untracked 
| 491|0x000000009eb00000, 0x000000009ec00000, 0x000000009ec00000|100%| O|  |TAMS 0x000000009ec00000, 0x000000009eb00000| Untracked 
| 492|0x000000009ec00000, 0x000000009ed00000, 0x000000009ed00000|100%| O|  |TAMS 0x000000009ed00000, 0x000000009ec00000| Untracked 
| 493|0x000000009ed00000, 0x000000009ee00000, 0x000000009ee00000|100%| O|  |TAMS 0x000000009ee00000, 0x000000009ed00000| Untracked 
| 494|0x000000009ee00000, 0x000000009ee00000, 0x000000009ef00000|  0%| F|  |TAMS 0x000000009ee00000, 0x000000009ee00000| Untracked 
| 495|0x000000009ef00000, 0x000000009f000000, 0x000000009f000000|100%| O|  |TAMS 0x000000009f000000, 0x000000009ef00000| Untracked 
| 496|0x000000009f000000, 0x000000009f000000, 0x000000009f100000|  0%| F|  |TAMS 0x000000009f000000, 0x000000009f000000| Untracked 
| 497|0x000000009f100000, 0x000000009f100000, 0x000000009f200000|  0%| F|  |TAMS 0x000000009f100000, 0x000000009f100000| Untracked 
| 498|0x000000009f200000, 0x000000009f200000, 0x000000009f300000|  0%| F|  |TAMS 0x000000009f200000, 0x000000009f200000| Untracked 
| 499|0x000000009f300000, 0x000000009f300000, 0x000000009f400000|  0%| F|  |TAMS 0x000000009f300000, 0x000000009f300000| Untracked 
| 500|0x000000009f400000, 0x000000009f400000, 0x000000009f500000|  0%| F|  |TAMS 0x000000009f400000, 0x000000009f400000| Untracked 
| 501|0x000000009f500000, 0x000000009f500000, 0x000000009f600000|  0%| F|  |TAMS 0x000000009f500000, 0x000000009f500000| Untracked 
| 502|0x000000009f600000, 0x000000009f600000, 0x000000009f700000|  0%| F|  |TAMS 0x000000009f600000, 0x000000009f600000| Untracked 
| 503|0x000000009f700000, 0x000000009f700000, 0x000000009f800000|  0%| F|  |TAMS 0x000000009f700000, 0x000000009f700000| Untracked 
| 504|0x000000009f800000, 0x000000009f800000, 0x000000009f900000|  0%| F|  |TAMS 0x000000009f800000, 0x000000009f800000| Untracked 
| 505|0x000000009f900000, 0x000000009f900000, 0x000000009fa00000|  0%| F|  |TAMS 0x000000009f900000, 0x000000009f900000| Untracked 
| 506|0x000000009fa00000, 0x000000009fa00000, 0x000000009fb00000|  0%| F|  |TAMS 0x000000009fa00000, 0x000000009fa00000| Untracked 
| 507|0x000000009fb00000, 0x000000009fc00000, 0x000000009fc00000|100%| O|  |TAMS 0x000000009fc00000, 0x000000009fb00000| Untracked 
| 508|0x000000009fc00000, 0x000000009fc00000, 0x000000009fd00000|  0%| F|  |TAMS 0x000000009fc00000, 0x000000009fc00000| Untracked 
| 509|0x000000009fd00000, 0x000000009fd00000, 0x000000009fe00000|  0%| F|  |TAMS 0x000000009fd00000, 0x000000009fd00000| Untracked 
| 510|0x000000009fe00000, 0x000000009fe00000, 0x000000009ff00000|  0%| F|  |TAMS 0x000000009fe00000, 0x000000009fe00000| Untracked 
| 511|0x000000009ff00000, 0x000000009ff00000, 0x00000000a0000000|  0%| F|  |TAMS 0x000000009ff00000, 0x000000009ff00000| Untracked 
| 512|0x00000000a0000000, 0x00000000a0000000, 0x00000000a0100000|  0%| F|  |TAMS 0x00000000a0000000, 0x00000000a0000000| Untracked 
| 513|0x00000000a0100000, 0x00000000a0100000, 0x00000000a0200000|  0%| F|  |TAMS 0x00000000a0100000, 0x00000000a0100000| Untracked 
| 514|0x00000000a0200000, 0x00000000a0200000, 0x00000000a0300000|  0%| F|  |TAMS 0x00000000a0200000, 0x00000000a0200000| Untracked 
| 515|0x00000000a0300000, 0x00000000a0300000, 0x00000000a0400000|  0%| F|  |TAMS 0x00000000a0300000, 0x00000000a0300000| Untracked 
| 516|0x00000000a0400000, 0x00000000a0400000, 0x00000000a0500000|  0%| F|  |TAMS 0x00000000a0400000, 0x00000000a0400000| Untracked 
| 517|0x00000000a0500000, 0x00000000a0500000, 0x00000000a0600000|  0%| F|  |TAMS 0x00000000a0500000, 0x00000000a0500000| Untracked 
| 518|0x00000000a0600000, 0x00000000a0600000, 0x00000000a0700000|  0%| F|  |TAMS 0x00000000a0600000, 0x00000000a0600000| Untracked 
| 519|0x00000000a0700000, 0x00000000a0700000, 0x00000000a0800000|  0%| F|  |TAMS 0x00000000a0700000, 0x00000000a0700000| Untracked 
| 520|0x00000000a0800000, 0x00000000a0800000, 0x00000000a0900000|  0%| F|  |TAMS 0x00000000a0800000, 0x00000000a0800000| Untracked 
| 521|0x00000000a0900000, 0x00000000a0900000, 0x00000000a0a00000|  0%| F|  |TAMS 0x00000000a0900000, 0x00000000a0900000| Untracked 
| 522|0x00000000a0a00000, 0x00000000a0a00000, 0x00000000a0b00000|  0%| F|  |TAMS 0x00000000a0a00000, 0x00000000a0a00000| Untracked 
| 523|0x00000000a0b00000, 0x00000000a0b00000, 0x00000000a0c00000|  0%| F|  |TAMS 0x00000000a0b00000, 0x00000000a0b00000| Untracked 
| 524|0x00000000a0c00000, 0x00000000a0c00000, 0x00000000a0d00000|  0%| F|  |TAMS 0x00000000a0c00000, 0x00000000a0c00000| Untracked 
| 525|0x00000000a0d00000, 0x00000000a0d00000, 0x00000000a0e00000|  0%| F|  |TAMS 0x00000000a0d00000, 0x00000000a0d00000| Untracked 
| 526|0x00000000a0e00000, 0x00000000a0e00000, 0x00000000a0f00000|  0%| F|  |TAMS 0x00000000a0e00000, 0x00000000a0e00000| Untracked 
| 527|0x00000000a0f00000, 0x00000000a0f00000, 0x00000000a1000000|  0%| F|  |TAMS 0x00000000a0f00000, 0x00000000a0f00000| Untracked 
| 528|0x00000000a1000000, 0x00000000a1000000, 0x00000000a1100000|  0%| F|  |TAMS 0x00000000a1000000, 0x00000000a1000000| Untracked 
| 529|0x00000000a1100000, 0x00000000a1100000, 0x00000000a1200000|  0%| F|  |TAMS 0x00000000a1100000, 0x00000000a1100000| Untracked 
| 530|0x00000000a1200000, 0x00000000a1200000, 0x00000000a1300000|  0%| F|  |TAMS 0x00000000a1200000, 0x00000000a1200000| Untracked 
| 531|0x00000000a1300000, 0x00000000a1300000, 0x00000000a1400000|  0%| F|  |TAMS 0x00000000a1300000, 0x00000000a1300000| Untracked 
| 532|0x00000000a1400000, 0x00000000a1400000, 0x00000000a1500000|  0%| F|  |TAMS 0x00000000a1400000, 0x00000000a1400000| Untracked 
| 533|0x00000000a1500000, 0x00000000a1500000, 0x00000000a1600000|  0%| F|  |TAMS 0x00000000a1500000, 0x00000000a1500000| Untracked 
| 534|0x00000000a1600000, 0x00000000a1600000, 0x00000000a1700000|  0%| F|  |TAMS 0x00000000a1600000, 0x00000000a1600000| Untracked 
| 535|0x00000000a1700000, 0x00000000a1700000, 0x00000000a1800000|  0%| F|  |TAMS 0x00000000a1700000, 0x00000000a1700000| Untracked 
| 536|0x00000000a1800000, 0x00000000a1800000, 0x00000000a1900000|  0%| F|  |TAMS 0x00000000a1800000, 0x00000000a1800000| Untracked 
| 537|0x00000000a1900000, 0x00000000a1900000, 0x00000000a1a00000|  0%| F|  |TAMS 0x00000000a1900000, 0x00000000a1900000| Untracked 
| 538|0x00000000a1a00000, 0x00000000a1a00000, 0x00000000a1b00000|  0%| F|  |TAMS 0x00000000a1a00000, 0x00000000a1a00000| Untracked 
| 539|0x00000000a1b00000, 0x00000000a1b00000, 0x00000000a1c00000|  0%| F|  |TAMS 0x00000000a1b00000, 0x00000000a1b00000| Untracked 
| 540|0x00000000a1c00000, 0x00000000a1c00000, 0x00000000a1d00000|  0%| F|  |TAMS 0x00000000a1c00000, 0x00000000a1c00000| Untracked 
| 541|0x00000000a1d00000, 0x00000000a1d00000, 0x00000000a1e00000|  0%| F|  |TAMS 0x00000000a1d00000, 0x00000000a1d00000| Untracked 
| 542|0x00000000a1e00000, 0x00000000a1e00000, 0x00000000a1f00000|  0%| F|  |TAMS 0x00000000a1e00000, 0x00000000a1e00000| Untracked 
| 543|0x00000000a1f00000, 0x00000000a1f00000, 0x00000000a2000000|  0%| F|  |TAMS 0x00000000a1f00000, 0x00000000a1f00000| Untracked 
| 544|0x00000000a2000000, 0x00000000a2000000, 0x00000000a2100000|  0%| F|  |TAMS 0x00000000a2000000, 0x00000000a2000000| Untracked 
| 545|0x00000000a2100000, 0x00000000a2100000, 0x00000000a2200000|  0%| F|  |TAMS 0x00000000a2100000, 0x00000000a2100000| Untracked 
| 546|0x00000000a2200000, 0x00000000a2200000, 0x00000000a2300000|  0%| F|  |TAMS 0x00000000a2200000, 0x00000000a2200000| Untracked 
| 547|0x00000000a2300000, 0x00000000a2300000, 0x00000000a2400000|  0%| F|  |TAMS 0x00000000a2300000, 0x00000000a2300000| Untracked 
| 548|0x00000000a2400000, 0x00000000a2400000, 0x00000000a2500000|  0%| F|  |TAMS 0x00000000a2400000, 0x00000000a2400000| Untracked 
| 549|0x00000000a2500000, 0x00000000a2500000, 0x00000000a2600000|  0%| F|  |TAMS 0x00000000a2500000, 0x00000000a2500000| Untracked 
| 550|0x00000000a2600000, 0x00000000a2600000, 0x00000000a2700000|  0%| F|  |TAMS 0x00000000a2600000, 0x00000000a2600000| Untracked 
| 551|0x00000000a2700000, 0x00000000a2700000, 0x00000000a2800000|  0%| F|  |TAMS 0x00000000a2700000, 0x00000000a2700000| Untracked 
| 552|0x00000000a2800000, 0x00000000a2800000, 0x00000000a2900000|  0%| F|  |TAMS 0x00000000a2800000, 0x00000000a2800000| Untracked 
| 553|0x00000000a2900000, 0x00000000a2900000, 0x00000000a2a00000|  0%| F|  |TAMS 0x00000000a2900000, 0x00000000a2900000| Untracked 
| 554|0x00000000a2a00000, 0x00000000a2a00000, 0x00000000a2b00000|  0%| F|  |TAMS 0x00000000a2a00000, 0x00000000a2a00000| Untracked 
| 555|0x00000000a2b00000, 0x00000000a2b00000, 0x00000000a2c00000|  0%| F|  |TAMS 0x00000000a2b00000, 0x00000000a2b00000| Untracked 
| 556|0x00000000a2c00000, 0x00000000a2c00000, 0x00000000a2d00000|  0%| F|  |TAMS 0x00000000a2c00000, 0x00000000a2c00000| Untracked 
| 557|0x00000000a2d00000, 0x00000000a2d00000, 0x00000000a2e00000|  0%| F|  |TAMS 0x00000000a2d00000, 0x00000000a2d00000| Untracked 
| 558|0x00000000a2e00000, 0x00000000a2e00000, 0x00000000a2f00000|  0%| F|  |TAMS 0x00000000a2e00000, 0x00000000a2e00000| Untracked 
| 559|0x00000000a2f00000, 0x00000000a2f00000, 0x00000000a3000000|  0%| F|  |TAMS 0x00000000a2f00000, 0x00000000a2f00000| Untracked 
| 560|0x00000000a3000000, 0x00000000a3000000, 0x00000000a3100000|  0%| F|  |TAMS 0x00000000a3000000, 0x00000000a3000000| Untracked 
| 561|0x00000000a3100000, 0x00000000a3100000, 0x00000000a3200000|  0%| F|  |TAMS 0x00000000a3100000, 0x00000000a3100000| Untracked 
| 562|0x00000000a3200000, 0x00000000a3200000, 0x00000000a3300000|  0%| F|  |TAMS 0x00000000a3200000, 0x00000000a3200000| Untracked 
| 563|0x00000000a3300000, 0x00000000a3300000, 0x00000000a3400000|  0%| F|  |TAMS 0x00000000a3300000, 0x00000000a3300000| Untracked 
| 564|0x00000000a3400000, 0x00000000a3400000, 0x00000000a3500000|  0%| F|  |TAMS 0x00000000a3400000, 0x00000000a3400000| Untracked 
| 565|0x00000000a3500000, 0x00000000a3500000, 0x00000000a3600000|  0%| F|  |TAMS 0x00000000a3500000, 0x00000000a3500000| Untracked 
| 566|0x00000000a3600000, 0x00000000a3600000, 0x00000000a3700000|  0%| F|  |TAMS 0x00000000a3600000, 0x00000000a3600000| Untracked 
| 567|0x00000000a3700000, 0x00000000a3700000, 0x00000000a3800000|  0%| F|  |TAMS 0x00000000a3700000, 0x00000000a3700000| Untracked 
| 568|0x00000000a3800000, 0x00000000a3800000, 0x00000000a3900000|  0%| F|  |TAMS 0x00000000a3800000, 0x00000000a3800000| Untracked 
| 569|0x00000000a3900000, 0x00000000a3900000, 0x00000000a3a00000|  0%| F|  |TAMS 0x00000000a3900000, 0x00000000a3900000| Untracked 
| 570|0x00000000a3a00000, 0x00000000a3a00000, 0x00000000a3b00000|  0%| F|  |TAMS 0x00000000a3a00000, 0x00000000a3a00000| Untracked 
| 571|0x00000000a3b00000, 0x00000000a3b00000, 0x00000000a3c00000|  0%| F|  |TAMS 0x00000000a3b00000, 0x00000000a3b00000| Untracked 
| 572|0x00000000a3c00000, 0x00000000a3c00000, 0x00000000a3d00000|  0%| F|  |TAMS 0x00000000a3c00000, 0x00000000a3c00000| Untracked 
| 573|0x00000000a3d00000, 0x00000000a3d00000, 0x00000000a3e00000|  0%| F|  |TAMS 0x00000000a3d00000, 0x00000000a3d00000| Untracked 
| 574|0x00000000a3e00000, 0x00000000a3e00000, 0x00000000a3f00000|  0%| F|  |TAMS 0x00000000a3e00000, 0x00000000a3e00000| Untracked 
| 575|0x00000000a3f00000, 0x00000000a3f00000, 0x00000000a4000000|  0%| F|  |TAMS 0x00000000a3f00000, 0x00000000a3f00000| Untracked 
| 576|0x00000000a4000000, 0x00000000a4000000, 0x00000000a4100000|  0%| F|  |TAMS 0x00000000a4000000, 0x00000000a4000000| Untracked 
| 577|0x00000000a4100000, 0x00000000a4100000, 0x00000000a4200000|  0%| F|  |TAMS 0x00000000a4100000, 0x00000000a4100000| Untracked 
| 578|0x00000000a4200000, 0x00000000a4200000, 0x00000000a4300000|  0%| F|  |TAMS 0x00000000a4200000, 0x00000000a4200000| Untracked 
| 579|0x00000000a4300000, 0x00000000a4300000, 0x00000000a4400000|  0%| F|  |TAMS 0x00000000a4300000, 0x00000000a4300000| Untracked 
| 580|0x00000000a4400000, 0x00000000a4400000, 0x00000000a4500000|  0%| F|  |TAMS 0x00000000a4400000, 0x00000000a4400000| Untracked 
| 581|0x00000000a4500000, 0x00000000a4500000, 0x00000000a4600000|  0%| F|  |TAMS 0x00000000a4500000, 0x00000000a4500000| Untracked 
| 582|0x00000000a4600000, 0x00000000a4600000, 0x00000000a4700000|  0%| F|  |TAMS 0x00000000a4600000, 0x00000000a4600000| Untracked 
| 583|0x00000000a4700000, 0x00000000a4700000, 0x00000000a4800000|  0%| F|  |TAMS 0x00000000a4700000, 0x00000000a4700000| Untracked 
| 584|0x00000000a4800000, 0x00000000a4800000, 0x00000000a4900000|  0%| F|  |TAMS 0x00000000a4800000, 0x00000000a4800000| Untracked 
| 585|0x00000000a4900000, 0x00000000a4900000, 0x00000000a4a00000|  0%| F|  |TAMS 0x00000000a4900000, 0x00000000a4900000| Untracked 
| 586|0x00000000a4a00000, 0x00000000a4a00000, 0x00000000a4b00000|  0%| F|  |TAMS 0x00000000a4a00000, 0x00000000a4a00000| Untracked 
| 587|0x00000000a4b00000, 0x00000000a4b00000, 0x00000000a4c00000|  0%| F|  |TAMS 0x00000000a4b00000, 0x00000000a4b00000| Untracked 
| 588|0x00000000a4c00000, 0x00000000a4c00000, 0x00000000a4d00000|  0%| F|  |TAMS 0x00000000a4c00000, 0x00000000a4c00000| Untracked 
| 589|0x00000000a4d00000, 0x00000000a4d00000, 0x00000000a4e00000|  0%| F|  |TAMS 0x00000000a4d00000, 0x00000000a4d00000| Untracked 
| 590|0x00000000a4e00000, 0x00000000a4e00000, 0x00000000a4f00000|  0%| F|  |TAMS 0x00000000a4e00000, 0x00000000a4e00000| Untracked 
| 591|0x00000000a4f00000, 0x00000000a4f00000, 0x00000000a5000000|  0%| F|  |TAMS 0x00000000a4f00000, 0x00000000a4f00000| Untracked 
| 592|0x00000000a5000000, 0x00000000a5000000, 0x00000000a5100000|  0%| F|  |TAMS 0x00000000a5000000, 0x00000000a5000000| Untracked 
| 593|0x00000000a5100000, 0x00000000a5100000, 0x00000000a5200000|  0%| F|  |TAMS 0x00000000a5100000, 0x00000000a5100000| Untracked 
| 594|0x00000000a5200000, 0x00000000a5200000, 0x00000000a5300000|  0%| F|  |TAMS 0x00000000a5200000, 0x00000000a5200000| Untracked 
| 595|0x00000000a5300000, 0x00000000a5300000, 0x00000000a5400000|  0%| F|  |TAMS 0x00000000a5300000, 0x00000000a5300000| Untracked 
| 596|0x00000000a5400000, 0x00000000a5400000, 0x00000000a5500000|  0%| F|  |TAMS 0x00000000a5400000, 0x00000000a5400000| Untracked 
| 597|0x00000000a5500000, 0x00000000a5500000, 0x00000000a5600000|  0%| F|  |TAMS 0x00000000a5500000, 0x00000000a5500000| Untracked 
| 598|0x00000000a5600000, 0x00000000a5600000, 0x00000000a5700000|  0%| F|  |TAMS 0x00000000a5600000, 0x00000000a5600000| Untracked 
| 599|0x00000000a5700000, 0x00000000a5700000, 0x00000000a5800000|  0%| F|  |TAMS 0x00000000a5700000, 0x00000000a5700000| Untracked 
| 600|0x00000000a5800000, 0x00000000a5800000, 0x00000000a5900000|  0%| F|  |TAMS 0x00000000a5800000, 0x00000000a5800000| Untracked 
| 601|0x00000000a5900000, 0x00000000a5900000, 0x00000000a5a00000|  0%| F|  |TAMS 0x00000000a5900000, 0x00000000a5900000| Untracked 
| 602|0x00000000a5a00000, 0x00000000a5a00000, 0x00000000a5b00000|  0%| F|  |TAMS 0x00000000a5a00000, 0x00000000a5a00000| Untracked 
| 603|0x00000000a5b00000, 0x00000000a5b00000, 0x00000000a5c00000|  0%| F|  |TAMS 0x00000000a5b00000, 0x00000000a5b00000| Untracked 
| 604|0x00000000a5c00000, 0x00000000a5c00000, 0x00000000a5d00000|  0%| F|  |TAMS 0x00000000a5c00000, 0x00000000a5c00000| Untracked 
| 605|0x00000000a5d00000, 0x00000000a5d00000, 0x00000000a5e00000|  0%| F|  |TAMS 0x00000000a5d00000, 0x00000000a5d00000| Untracked 
| 606|0x00000000a5e00000, 0x00000000a5e00000, 0x00000000a5f00000|  0%| F|  |TAMS 0x00000000a5e00000, 0x00000000a5e00000| Untracked 
| 607|0x00000000a5f00000, 0x00000000a5f00000, 0x00000000a6000000|  0%| F|  |TAMS 0x00000000a5f00000, 0x00000000a5f00000| Untracked 
| 608|0x00000000a6000000, 0x00000000a6000000, 0x00000000a6100000|  0%| F|  |TAMS 0x00000000a6000000, 0x00000000a6000000| Untracked 
| 609|0x00000000a6100000, 0x00000000a6100000, 0x00000000a6200000|  0%| F|  |TAMS 0x00000000a6100000, 0x00000000a6100000| Untracked 
| 610|0x00000000a6200000, 0x00000000a6200000, 0x00000000a6300000|  0%| F|  |TAMS 0x00000000a6200000, 0x00000000a6200000| Untracked 
| 611|0x00000000a6300000, 0x00000000a6300000, 0x00000000a6400000|  0%| F|  |TAMS 0x00000000a6300000, 0x00000000a6300000| Untracked 
| 612|0x00000000a6400000, 0x00000000a6400000, 0x00000000a6500000|  0%| F|  |TAMS 0x00000000a6400000, 0x00000000a6400000| Untracked 
| 613|0x00000000a6500000, 0x00000000a6500000, 0x00000000a6600000|  0%| F|  |TAMS 0x00000000a6500000, 0x00000000a6500000| Untracked 
| 614|0x00000000a6600000, 0x00000000a6600000, 0x00000000a6700000|  0%| F|  |TAMS 0x00000000a6600000, 0x00000000a6600000| Untracked 
| 615|0x00000000a6700000, 0x00000000a6700000, 0x00000000a6800000|  0%| F|  |TAMS 0x00000000a6700000, 0x00000000a6700000| Untracked 
| 616|0x00000000a6800000, 0x00000000a6800000, 0x00000000a6900000|  0%| F|  |TAMS 0x00000000a6800000, 0x00000000a6800000| Untracked 
| 617|0x00000000a6900000, 0x00000000a6900000, 0x00000000a6a00000|  0%| F|  |TAMS 0x00000000a6900000, 0x00000000a6900000| Untracked 
| 618|0x00000000a6a00000, 0x00000000a6a00000, 0x00000000a6b00000|  0%| F|  |TAMS 0x00000000a6a00000, 0x00000000a6a00000| Untracked 
| 619|0x00000000a6b00000, 0x00000000a6b00000, 0x00000000a6c00000|  0%| F|  |TAMS 0x00000000a6b00000, 0x00000000a6b00000| Untracked 
| 620|0x00000000a6c00000, 0x00000000a6c00000, 0x00000000a6d00000|  0%| F|  |TAMS 0x00000000a6c00000, 0x00000000a6c00000| Untracked 
| 621|0x00000000a6d00000, 0x00000000a6d00000, 0x00000000a6e00000|  0%| F|  |TAMS 0x00000000a6d00000, 0x00000000a6d00000| Untracked 
| 622|0x00000000a6e00000, 0x00000000a6e00000, 0x00000000a6f00000|  0%| F|  |TAMS 0x00000000a6e00000, 0x00000000a6e00000| Untracked 
| 623|0x00000000a6f00000, 0x00000000a6f00000, 0x00000000a7000000|  0%| F|  |TAMS 0x00000000a6f00000, 0x00000000a6f00000| Untracked 
| 624|0x00000000a7000000, 0x00000000a7000000, 0x00000000a7100000|  0%| F|  |TAMS 0x00000000a7000000, 0x00000000a7000000| Untracked 
| 625|0x00000000a7100000, 0x00000000a7100000, 0x00000000a7200000|  0%| F|  |TAMS 0x00000000a7100000, 0x00000000a7100000| Untracked 
| 626|0x00000000a7200000, 0x00000000a7200000, 0x00000000a7300000|  0%| F|  |TAMS 0x00000000a7200000, 0x00000000a7200000| Untracked 
| 627|0x00000000a7300000, 0x00000000a7300000, 0x00000000a7400000|  0%| F|  |TAMS 0x00000000a7300000, 0x00000000a7300000| Untracked 
| 628|0x00000000a7400000, 0x00000000a7400000, 0x00000000a7500000|  0%| F|  |TAMS 0x00000000a7400000, 0x00000000a7400000| Untracked 
| 629|0x00000000a7500000, 0x00000000a7500000, 0x00000000a7600000|  0%| F|  |TAMS 0x00000000a7500000, 0x00000000a7500000| Untracked 
| 630|0x00000000a7600000, 0x00000000a7600000, 0x00000000a7700000|  0%| F|  |TAMS 0x00000000a7600000, 0x00000000a7600000| Untracked 
| 631|0x00000000a7700000, 0x00000000a7700000, 0x00000000a7800000|  0%| F|  |TAMS 0x00000000a7700000, 0x00000000a7700000| Untracked 
| 632|0x00000000a7800000, 0x00000000a7800000, 0x00000000a7900000|  0%| F|  |TAMS 0x00000000a7800000, 0x00000000a7800000| Untracked 
| 633|0x00000000a7900000, 0x00000000a7900000, 0x00000000a7a00000|  0%| F|  |TAMS 0x00000000a7900000, 0x00000000a7900000| Untracked 
| 634|0x00000000a7a00000, 0x00000000a7a00000, 0x00000000a7b00000|  0%| F|  |TAMS 0x00000000a7a00000, 0x00000000a7a00000| Untracked 
| 635|0x00000000a7b00000, 0x00000000a7b00000, 0x00000000a7c00000|  0%| F|  |TAMS 0x00000000a7b00000, 0x00000000a7b00000| Untracked 
| 636|0x00000000a7c00000, 0x00000000a7c00000, 0x00000000a7d00000|  0%| F|  |TAMS 0x00000000a7c00000, 0x00000000a7c00000| Untracked 
| 637|0x00000000a7d00000, 0x00000000a7d00000, 0x00000000a7e00000|  0%| F|  |TAMS 0x00000000a7d00000, 0x00000000a7d00000| Untracked 
| 638|0x00000000a7e00000, 0x00000000a7e00000, 0x00000000a7f00000|  0%| F|  |TAMS 0x00000000a7e00000, 0x00000000a7e00000| Untracked 
| 639|0x00000000a7f00000, 0x00000000a7f00000, 0x00000000a8000000|  0%| F|  |TAMS 0x00000000a7f00000, 0x00000000a7f00000| Untracked 
| 640|0x00000000a8000000, 0x00000000a8000000, 0x00000000a8100000|  0%| F|  |TAMS 0x00000000a8000000, 0x00000000a8000000| Untracked 
| 641|0x00000000a8100000, 0x00000000a8100000, 0x00000000a8200000|  0%| F|  |TAMS 0x00000000a8100000, 0x00000000a8100000| Untracked 
| 642|0x00000000a8200000, 0x00000000a8200000, 0x00000000a8300000|  0%| F|  |TAMS 0x00000000a8200000, 0x00000000a8200000| Untracked 
| 643|0x00000000a8300000, 0x00000000a8300000, 0x00000000a8400000|  0%| F|  |TAMS 0x00000000a8300000, 0x00000000a8300000| Untracked 
| 644|0x00000000a8400000, 0x00000000a8400000, 0x00000000a8500000|  0%| F|  |TAMS 0x00000000a8400000, 0x00000000a8400000| Untracked 
| 645|0x00000000a8500000, 0x00000000a8500000, 0x00000000a8600000|  0%| F|  |TAMS 0x00000000a8500000, 0x00000000a8500000| Untracked 
| 646|0x00000000a8600000, 0x00000000a8600000, 0x00000000a8700000|  0%| F|  |TAMS 0x00000000a8600000, 0x00000000a8600000| Untracked 
| 647|0x00000000a8700000, 0x00000000a8700000, 0x00000000a8800000|  0%| F|  |TAMS 0x00000000a8700000, 0x00000000a8700000| Untracked 
| 648|0x00000000a8800000, 0x00000000a8800000, 0x00000000a8900000|  0%| F|  |TAMS 0x00000000a8800000, 0x00000000a8800000| Untracked 
| 649|0x00000000a8900000, 0x00000000a8900000, 0x00000000a8a00000|  0%| F|  |TAMS 0x00000000a8900000, 0x00000000a8900000| Untracked 
| 650|0x00000000a8a00000, 0x00000000a8a00000, 0x00000000a8b00000|  0%| F|  |TAMS 0x00000000a8a00000, 0x00000000a8a00000| Untracked 
| 651|0x00000000a8b00000, 0x00000000a8b00000, 0x00000000a8c00000|  0%| F|  |TAMS 0x00000000a8b00000, 0x00000000a8b00000| Untracked 
| 652|0x00000000a8c00000, 0x00000000a8c00000, 0x00000000a8d00000|  0%| F|  |TAMS 0x00000000a8c00000, 0x00000000a8c00000| Untracked 
| 653|0x00000000a8d00000, 0x00000000a8d00000, 0x00000000a8e00000|  0%| F|  |TAMS 0x00000000a8d00000, 0x00000000a8d00000| Untracked 
| 654|0x00000000a8e00000, 0x00000000a8e00000, 0x00000000a8f00000|  0%| F|  |TAMS 0x00000000a8e00000, 0x00000000a8e00000| Untracked 
| 655|0x00000000a8f00000, 0x00000000a8f00000, 0x00000000a9000000|  0%| F|  |TAMS 0x00000000a8f00000, 0x00000000a8f00000| Untracked 
| 656|0x00000000a9000000, 0x00000000a9000000, 0x00000000a9100000|  0%| F|  |TAMS 0x00000000a9000000, 0x00000000a9000000| Untracked 
| 657|0x00000000a9100000, 0x00000000a9100000, 0x00000000a9200000|  0%| F|  |TAMS 0x00000000a9100000, 0x00000000a9100000| Untracked 
| 658|0x00000000a9200000, 0x00000000a9200000, 0x00000000a9300000|  0%| F|  |TAMS 0x00000000a9200000, 0x00000000a9200000| Untracked 
| 659|0x00000000a9300000, 0x00000000a9300000, 0x00000000a9400000|  0%| F|  |TAMS 0x00000000a9300000, 0x00000000a9300000| Untracked 
| 660|0x00000000a9400000, 0x00000000a9400000, 0x00000000a9500000|  0%| F|  |TAMS 0x00000000a9400000, 0x00000000a9400000| Untracked 
| 661|0x00000000a9500000, 0x00000000a9500000, 0x00000000a9600000|  0%| F|  |TAMS 0x00000000a9500000, 0x00000000a9500000| Untracked 
| 662|0x00000000a9600000, 0x00000000a9600000, 0x00000000a9700000|  0%| F|  |TAMS 0x00000000a9600000, 0x00000000a9600000| Untracked 
| 663|0x00000000a9700000, 0x00000000a9700000, 0x00000000a9800000|  0%| F|  |TAMS 0x00000000a9700000, 0x00000000a9700000| Untracked 
| 664|0x00000000a9800000, 0x00000000a9800000, 0x00000000a9900000|  0%| F|  |TAMS 0x00000000a9800000, 0x00000000a9800000| Untracked 
| 665|0x00000000a9900000, 0x00000000a9900000, 0x00000000a9a00000|  0%| F|  |TAMS 0x00000000a9900000, 0x00000000a9900000| Untracked 
| 666|0x00000000a9a00000, 0x00000000a9a00000, 0x00000000a9b00000|  0%| F|  |TAMS 0x00000000a9a00000, 0x00000000a9a00000| Untracked 
| 667|0x00000000a9b00000, 0x00000000a9b00000, 0x00000000a9c00000|  0%| F|  |TAMS 0x00000000a9b00000, 0x00000000a9b00000| Untracked 
| 668|0x00000000a9c00000, 0x00000000a9c00000, 0x00000000a9d00000|  0%| F|  |TAMS 0x00000000a9c00000, 0x00000000a9c00000| Untracked 
| 669|0x00000000a9d00000, 0x00000000a9d00000, 0x00000000a9e00000|  0%| F|  |TAMS 0x00000000a9d00000, 0x00000000a9d00000| Untracked 
| 670|0x00000000a9e00000, 0x00000000a9e00000, 0x00000000a9f00000|  0%| F|  |TAMS 0x00000000a9e00000, 0x00000000a9e00000| Untracked 
| 671|0x00000000a9f00000, 0x00000000a9f00000, 0x00000000aa000000|  0%| F|  |TAMS 0x00000000a9f00000, 0x00000000a9f00000| Untracked 
| 672|0x00000000aa000000, 0x00000000aa000000, 0x00000000aa100000|  0%| F|  |TAMS 0x00000000aa000000, 0x00000000aa000000| Untracked 
| 673|0x00000000aa100000, 0x00000000aa100000, 0x00000000aa200000|  0%| F|  |TAMS 0x00000000aa100000, 0x00000000aa100000| Untracked 
| 674|0x00000000aa200000, 0x00000000aa200000, 0x00000000aa300000|  0%| F|  |TAMS 0x00000000aa200000, 0x00000000aa200000| Untracked 
| 675|0x00000000aa300000, 0x00000000aa300000, 0x00000000aa400000|  0%| F|  |TAMS 0x00000000aa300000, 0x00000000aa300000| Untracked 
| 676|0x00000000aa400000, 0x00000000aa400000, 0x00000000aa500000|  0%| F|  |TAMS 0x00000000aa400000, 0x00000000aa400000| Untracked 
| 677|0x00000000aa500000, 0x00000000aa500000, 0x00000000aa600000|  0%| F|  |TAMS 0x00000000aa500000, 0x00000000aa500000| Untracked 
| 678|0x00000000aa600000, 0x00000000aa600000, 0x00000000aa700000|  0%| F|  |TAMS 0x00000000aa600000, 0x00000000aa600000| Untracked 
| 679|0x00000000aa700000, 0x00000000aa700000, 0x00000000aa800000|  0%| F|  |TAMS 0x00000000aa700000, 0x00000000aa700000| Untracked 
| 680|0x00000000aa800000, 0x00000000aa800000, 0x00000000aa900000|  0%| F|  |TAMS 0x00000000aa800000, 0x00000000aa800000| Untracked 
| 681|0x00000000aa900000, 0x00000000aa900000, 0x00000000aaa00000|  0%| F|  |TAMS 0x00000000aa900000, 0x00000000aa900000| Untracked 
| 682|0x00000000aaa00000, 0x00000000aaa00000, 0x00000000aab00000|  0%| F|  |TAMS 0x00000000aaa00000, 0x00000000aaa00000| Untracked 
| 683|0x00000000aab00000, 0x00000000aab00000, 0x00000000aac00000|  0%| F|  |TAMS 0x00000000aab00000, 0x00000000aab00000| Untracked 
| 684|0x00000000aac00000, 0x00000000aac00000, 0x00000000aad00000|  0%| F|  |TAMS 0x00000000aac00000, 0x00000000aac00000| Untracked 
| 685|0x00000000aad00000, 0x00000000aad00000, 0x00000000aae00000|  0%| F|  |TAMS 0x00000000aad00000, 0x00000000aad00000| Untracked 
| 686|0x00000000aae00000, 0x00000000aae00000, 0x00000000aaf00000|  0%| F|  |TAMS 0x00000000aae00000, 0x00000000aae00000| Untracked 
| 687|0x00000000aaf00000, 0x00000000aaf00000, 0x00000000ab000000|  0%| F|  |TAMS 0x00000000aaf00000, 0x00000000aaf00000| Untracked 
| 688|0x00000000ab000000, 0x00000000ab000000, 0x00000000ab100000|  0%| F|  |TAMS 0x00000000ab000000, 0x00000000ab000000| Untracked 
| 689|0x00000000ab100000, 0x00000000ab100000, 0x00000000ab200000|  0%| F|  |TAMS 0x00000000ab100000, 0x00000000ab100000| Untracked 
| 690|0x00000000ab200000, 0x00000000ab200000, 0x00000000ab300000|  0%| F|  |TAMS 0x00000000ab200000, 0x00000000ab200000| Untracked 
| 691|0x00000000ab300000, 0x00000000ab300000, 0x00000000ab400000|  0%| F|  |TAMS 0x00000000ab300000, 0x00000000ab300000| Untracked 
| 692|0x00000000ab400000, 0x00000000ab400000, 0x00000000ab500000|  0%| F|  |TAMS 0x00000000ab400000, 0x00000000ab400000| Untracked 
| 693|0x00000000ab500000, 0x00000000ab500000, 0x00000000ab600000|  0%| F|  |TAMS 0x00000000ab500000, 0x00000000ab500000| Untracked 
| 694|0x00000000ab600000, 0x00000000ab600000, 0x00000000ab700000|  0%| F|  |TAMS 0x00000000ab600000, 0x00000000ab600000| Untracked 
| 695|0x00000000ab700000, 0x00000000ab700000, 0x00000000ab800000|  0%| F|  |TAMS 0x00000000ab700000, 0x00000000ab700000| Untracked 
| 696|0x00000000ab800000, 0x00000000ab800000, 0x00000000ab900000|  0%| F|  |TAMS 0x00000000ab800000, 0x00000000ab800000| Untracked 
| 697|0x00000000ab900000, 0x00000000ab900000, 0x00000000aba00000|  0%| F|  |TAMS 0x00000000ab900000, 0x00000000ab900000| Untracked 
| 698|0x00000000aba00000, 0x00000000aba00000, 0x00000000abb00000|  0%| F|  |TAMS 0x00000000aba00000, 0x00000000aba00000| Untracked 
| 699|0x00000000abb00000, 0x00000000abb00000, 0x00000000abc00000|  0%| F|  |TAMS 0x00000000abb00000, 0x00000000abb00000| Untracked 
| 700|0x00000000abc00000, 0x00000000abc00000, 0x00000000abd00000|  0%| F|  |TAMS 0x00000000abc00000, 0x00000000abc00000| Untracked 
| 701|0x00000000abd00000, 0x00000000abd00000, 0x00000000abe00000|  0%| F|  |TAMS 0x00000000abd00000, 0x00000000abd00000| Untracked 
| 702|0x00000000abe00000, 0x00000000abe00000, 0x00000000abf00000|  0%| F|  |TAMS 0x00000000abe00000, 0x00000000abe00000| Untracked 
| 703|0x00000000abf00000, 0x00000000abf00000, 0x00000000ac000000|  0%| F|  |TAMS 0x00000000abf00000, 0x00000000abf00000| Untracked 
| 704|0x00000000ac000000, 0x00000000ac000000, 0x00000000ac100000|  0%| F|  |TAMS 0x00000000ac000000, 0x00000000ac000000| Untracked 
| 705|0x00000000ac100000, 0x00000000ac100000, 0x00000000ac200000|  0%| F|  |TAMS 0x00000000ac100000, 0x00000000ac100000| Untracked 
| 706|0x00000000ac200000, 0x00000000ac200000, 0x00000000ac300000|  0%| F|  |TAMS 0x00000000ac200000, 0x00000000ac200000| Untracked 
| 707|0x00000000ac300000, 0x00000000ac300000, 0x00000000ac400000|  0%| F|  |TAMS 0x00000000ac300000, 0x00000000ac300000| Untracked 
| 708|0x00000000ac400000, 0x00000000ac400000, 0x00000000ac500000|  0%| F|  |TAMS 0x00000000ac400000, 0x00000000ac400000| Untracked 
| 709|0x00000000ac500000, 0x00000000ac500000, 0x00000000ac600000|  0%| F|  |TAMS 0x00000000ac500000, 0x00000000ac500000| Untracked 
| 710|0x00000000ac600000, 0x00000000ac600000, 0x00000000ac700000|  0%| F|  |TAMS 0x00000000ac600000, 0x00000000ac600000| Untracked 
| 711|0x00000000ac700000, 0x00000000ac700000, 0x00000000ac800000|  0%| F|  |TAMS 0x00000000ac700000, 0x00000000ac700000| Untracked 
| 712|0x00000000ac800000, 0x00000000ac800000, 0x00000000ac900000|  0%| F|  |TAMS 0x00000000ac800000, 0x00000000ac800000| Untracked 
| 713|0x00000000ac900000, 0x00000000ac900000, 0x00000000aca00000|  0%| F|  |TAMS 0x00000000ac900000, 0x00000000ac900000| Untracked 
| 714|0x00000000aca00000, 0x00000000aca00000, 0x00000000acb00000|  0%| F|  |TAMS 0x00000000aca00000, 0x00000000aca00000| Untracked 
| 715|0x00000000acb00000, 0x00000000acb00000, 0x00000000acc00000|  0%| F|  |TAMS 0x00000000acb00000, 0x00000000acb00000| Untracked 
| 716|0x00000000acc00000, 0x00000000acc00000, 0x00000000acd00000|  0%| F|  |TAMS 0x00000000acc00000, 0x00000000acc00000| Untracked 
| 717|0x00000000acd00000, 0x00000000acd00000, 0x00000000ace00000|  0%| F|  |TAMS 0x00000000acd00000, 0x00000000acd00000| Untracked 
| 718|0x00000000ace00000, 0x00000000ace00000, 0x00000000acf00000|  0%| F|  |TAMS 0x00000000ace00000, 0x00000000ace00000| Untracked 
| 719|0x00000000acf00000, 0x00000000acf00000, 0x00000000ad000000|  0%| F|  |TAMS 0x00000000acf00000, 0x00000000acf00000| Untracked 
| 720|0x00000000ad000000, 0x00000000ad000000, 0x00000000ad100000|  0%| F|  |TAMS 0x00000000ad000000, 0x00000000ad000000| Untracked 
| 721|0x00000000ad100000, 0x00000000ad100000, 0x00000000ad200000|  0%| F|  |TAMS 0x00000000ad100000, 0x00000000ad100000| Untracked 
| 722|0x00000000ad200000, 0x00000000ad200000, 0x00000000ad300000|  0%| F|  |TAMS 0x00000000ad200000, 0x00000000ad200000| Untracked 
| 723|0x00000000ad300000, 0x00000000ad300000, 0x00000000ad400000|  0%| F|  |TAMS 0x00000000ad300000, 0x00000000ad300000| Untracked 
| 724|0x00000000ad400000, 0x00000000ad400000, 0x00000000ad500000|  0%| F|  |TAMS 0x00000000ad400000, 0x00000000ad400000| Untracked 
| 725|0x00000000ad500000, 0x00000000ad500000, 0x00000000ad600000|  0%| F|  |TAMS 0x00000000ad500000, 0x00000000ad500000| Untracked 
| 726|0x00000000ad600000, 0x00000000ad600000, 0x00000000ad700000|  0%| F|  |TAMS 0x00000000ad600000, 0x00000000ad600000| Untracked 
| 727|0x00000000ad700000, 0x00000000ad700000, 0x00000000ad800000|  0%| F|  |TAMS 0x00000000ad700000, 0x00000000ad700000| Untracked 
| 728|0x00000000ad800000, 0x00000000ad800000, 0x00000000ad900000|  0%| F|  |TAMS 0x00000000ad800000, 0x00000000ad800000| Untracked 
| 729|0x00000000ad900000, 0x00000000ad900000, 0x00000000ada00000|  0%| F|  |TAMS 0x00000000ad900000, 0x00000000ad900000| Untracked 
| 730|0x00000000ada00000, 0x00000000ada00000, 0x00000000adb00000|  0%| F|  |TAMS 0x00000000ada00000, 0x00000000ada00000| Untracked 
| 731|0x00000000adb00000, 0x00000000adb00000, 0x00000000adc00000|  0%| F|  |TAMS 0x00000000adb00000, 0x00000000adb00000| Untracked 
| 732|0x00000000adc00000, 0x00000000adc00000, 0x00000000add00000|  0%| F|  |TAMS 0x00000000adc00000, 0x00000000adc00000| Untracked 
| 733|0x00000000add00000, 0x00000000add00000, 0x00000000ade00000|  0%| F|  |TAMS 0x00000000add00000, 0x00000000add00000| Untracked 
| 734|0x00000000ade00000, 0x00000000ade00000, 0x00000000adf00000|  0%| F|  |TAMS 0x00000000ade00000, 0x00000000ade00000| Untracked 
| 735|0x00000000adf00000, 0x00000000adf00000, 0x00000000ae000000|  0%| F|  |TAMS 0x00000000adf00000, 0x00000000adf00000| Untracked 
| 736|0x00000000ae000000, 0x00000000ae000000, 0x00000000ae100000|  0%| F|  |TAMS 0x00000000ae000000, 0x00000000ae000000| Untracked 
| 737|0x00000000ae100000, 0x00000000ae100000, 0x00000000ae200000|  0%| F|  |TAMS 0x00000000ae100000, 0x00000000ae100000| Untracked 
| 738|0x00000000ae200000, 0x00000000ae200000, 0x00000000ae300000|  0%| F|  |TAMS 0x00000000ae200000, 0x00000000ae200000| Untracked 
| 739|0x00000000ae300000, 0x00000000ae300000, 0x00000000ae400000|  0%| F|  |TAMS 0x00000000ae300000, 0x00000000ae300000| Untracked 
| 740|0x00000000ae400000, 0x00000000ae400000, 0x00000000ae500000|  0%| F|  |TAMS 0x00000000ae400000, 0x00000000ae400000| Untracked 
| 741|0x00000000ae500000, 0x00000000ae500000, 0x00000000ae600000|  0%| F|  |TAMS 0x00000000ae500000, 0x00000000ae500000| Untracked 
| 742|0x00000000ae600000, 0x00000000ae600000, 0x00000000ae700000|  0%| F|  |TAMS 0x00000000ae600000, 0x00000000ae600000| Untracked 
| 743|0x00000000ae700000, 0x00000000ae700000, 0x00000000ae800000|  0%| F|  |TAMS 0x00000000ae700000, 0x00000000ae700000| Untracked 
| 744|0x00000000ae800000, 0x00000000ae800000, 0x00000000ae900000|  0%| F|  |TAMS 0x00000000ae800000, 0x00000000ae800000| Untracked 
| 745|0x00000000ae900000, 0x00000000ae900000, 0x00000000aea00000|  0%| F|  |TAMS 0x00000000ae900000, 0x00000000ae900000| Untracked 
| 746|0x00000000aea00000, 0x00000000aea00000, 0x00000000aeb00000|  0%| F|  |TAMS 0x00000000aea00000, 0x00000000aea00000| Untracked 
| 747|0x00000000aeb00000, 0x00000000aeb00000, 0x00000000aec00000|  0%| F|  |TAMS 0x00000000aeb00000, 0x00000000aeb00000| Untracked 
| 748|0x00000000aec00000, 0x00000000aec00000, 0x00000000aed00000|  0%| F|  |TAMS 0x00000000aec00000, 0x00000000aec00000| Untracked 
| 749|0x00000000aed00000, 0x00000000aed00000, 0x00000000aee00000|  0%| F|  |TAMS 0x00000000aed00000, 0x00000000aed00000| Untracked 
| 750|0x00000000aee00000, 0x00000000aee00000, 0x00000000aef00000|  0%| F|  |TAMS 0x00000000aee00000, 0x00000000aee00000| Untracked 
| 751|0x00000000aef00000, 0x00000000aef00000, 0x00000000af000000|  0%| F|  |TAMS 0x00000000aef00000, 0x00000000aef00000| Untracked 
| 752|0x00000000af000000, 0x00000000af000000, 0x00000000af100000|  0%| F|  |TAMS 0x00000000af000000, 0x00000000af000000| Untracked 
| 753|0x00000000af100000, 0x00000000af100000, 0x00000000af200000|  0%| F|  |TAMS 0x00000000af100000, 0x00000000af100000| Untracked 
| 754|0x00000000af200000, 0x00000000af200000, 0x00000000af300000|  0%| F|  |TAMS 0x00000000af200000, 0x00000000af200000| Untracked 
| 755|0x00000000af300000, 0x00000000af300000, 0x00000000af400000|  0%| F|  |TAMS 0x00000000af300000, 0x00000000af300000| Untracked 
| 756|0x00000000af400000, 0x00000000af400000, 0x00000000af500000|  0%| F|  |TAMS 0x00000000af400000, 0x00000000af400000| Untracked 
| 757|0x00000000af500000, 0x00000000af500000, 0x00000000af600000|  0%| F|  |TAMS 0x00000000af500000, 0x00000000af500000| Untracked 
| 758|0x00000000af600000, 0x00000000af600000, 0x00000000af700000|  0%| F|  |TAMS 0x00000000af600000, 0x00000000af600000| Untracked 
| 759|0x00000000af700000, 0x00000000af700000, 0x00000000af800000|  0%| F|  |TAMS 0x00000000af700000, 0x00000000af700000| Untracked 
| 760|0x00000000af800000, 0x00000000af800000, 0x00000000af900000|  0%| F|  |TAMS 0x00000000af800000, 0x00000000af800000| Untracked 
| 761|0x00000000af900000, 0x00000000af900000, 0x00000000afa00000|  0%| F|  |TAMS 0x00000000af900000, 0x00000000af900000| Untracked 
| 762|0x00000000afa00000, 0x00000000afa00000, 0x00000000afb00000|  0%| F|  |TAMS 0x00000000afa00000, 0x00000000afa00000| Untracked 
| 763|0x00000000afb00000, 0x00000000afb00000, 0x00000000afc00000|  0%| F|  |TAMS 0x00000000afb00000, 0x00000000afb00000| Untracked 
| 764|0x00000000afc00000, 0x00000000afc00000, 0x00000000afd00000|  0%| F|  |TAMS 0x00000000afc00000, 0x00000000afc00000| Untracked 
| 765|0x00000000afd00000, 0x00000000afd00000, 0x00000000afe00000|  0%| F|  |TAMS 0x00000000afd00000, 0x00000000afd00000| Untracked 
| 766|0x00000000afe00000, 0x00000000afe00000, 0x00000000aff00000|  0%| F|  |TAMS 0x00000000afe00000, 0x00000000afe00000| Untracked 
| 767|0x00000000aff00000, 0x00000000aff00000, 0x00000000b0000000|  0%| F|  |TAMS 0x00000000aff00000, 0x00000000aff00000| Untracked 
| 768|0x00000000b0000000, 0x00000000b0000000, 0x00000000b0100000|  0%| F|  |TAMS 0x00000000b0000000, 0x00000000b0000000| Untracked 
| 769|0x00000000b0100000, 0x00000000b0100000, 0x00000000b0200000|  0%| F|  |TAMS 0x00000000b0100000, 0x00000000b0100000| Untracked 
| 770|0x00000000b0200000, 0x00000000b0200000, 0x00000000b0300000|  0%| F|  |TAMS 0x00000000b0200000, 0x00000000b0200000| Untracked 
| 771|0x00000000b0300000, 0x00000000b0300000, 0x00000000b0400000|  0%| F|  |TAMS 0x00000000b0300000, 0x00000000b0300000| Untracked 
| 772|0x00000000b0400000, 0x00000000b0400000, 0x00000000b0500000|  0%| F|  |TAMS 0x00000000b0400000, 0x00000000b0400000| Untracked 
| 773|0x00000000b0500000, 0x00000000b0500000, 0x00000000b0600000|  0%| F|  |TAMS 0x00000000b0500000, 0x00000000b0500000| Untracked 
| 774|0x00000000b0600000, 0x00000000b0600000, 0x00000000b0700000|  0%| F|  |TAMS 0x00000000b0600000, 0x00000000b0600000| Untracked 
| 775|0x00000000b0700000, 0x00000000b0700000, 0x00000000b0800000|  0%| F|  |TAMS 0x00000000b0700000, 0x00000000b0700000| Untracked 
| 776|0x00000000b0800000, 0x00000000b0800000, 0x00000000b0900000|  0%| F|  |TAMS 0x00000000b0800000, 0x00000000b0800000| Untracked 
| 777|0x00000000b0900000, 0x00000000b0900000, 0x00000000b0a00000|  0%| F|  |TAMS 0x00000000b0900000, 0x00000000b0900000| Untracked 
| 778|0x00000000b0a00000, 0x00000000b0a00000, 0x00000000b0b00000|  0%| F|  |TAMS 0x00000000b0a00000, 0x00000000b0a00000| Untracked 
| 779|0x00000000b0b00000, 0x00000000b0b00000, 0x00000000b0c00000|  0%| F|  |TAMS 0x00000000b0b00000, 0x00000000b0b00000| Untracked 
| 780|0x00000000b0c00000, 0x00000000b0c00000, 0x00000000b0d00000|  0%| F|  |TAMS 0x00000000b0c00000, 0x00000000b0c00000| Untracked 
| 781|0x00000000b0d00000, 0x00000000b0d00000, 0x00000000b0e00000|  0%| F|  |TAMS 0x00000000b0d00000, 0x00000000b0d00000| Untracked 
| 782|0x00000000b0e00000, 0x00000000b0e00000, 0x00000000b0f00000|  0%| F|  |TAMS 0x00000000b0e00000, 0x00000000b0e00000| Untracked 
| 783|0x00000000b0f00000, 0x00000000b0f00000, 0x00000000b1000000|  0%| F|  |TAMS 0x00000000b0f00000, 0x00000000b0f00000| Untracked 
| 784|0x00000000b1000000, 0x00000000b1000000, 0x00000000b1100000|  0%| F|  |TAMS 0x00000000b1000000, 0x00000000b1000000| Untracked 
| 785|0x00000000b1100000, 0x00000000b1100000, 0x00000000b1200000|  0%| F|  |TAMS 0x00000000b1100000, 0x00000000b1100000| Untracked 
| 786|0x00000000b1200000, 0x00000000b1200000, 0x00000000b1300000|  0%| F|  |TAMS 0x00000000b1200000, 0x00000000b1200000| Untracked 
| 787|0x00000000b1300000, 0x00000000b1300000, 0x00000000b1400000|  0%| F|  |TAMS 0x00000000b1300000, 0x00000000b1300000| Untracked 
| 788|0x00000000b1400000, 0x00000000b1400000, 0x00000000b1500000|  0%| F|  |TAMS 0x00000000b1400000, 0x00000000b1400000| Untracked 
| 789|0x00000000b1500000, 0x00000000b1500000, 0x00000000b1600000|  0%| F|  |TAMS 0x00000000b1500000, 0x00000000b1500000| Untracked 
| 790|0x00000000b1600000, 0x00000000b1600000, 0x00000000b1700000|  0%| F|  |TAMS 0x00000000b1600000, 0x00000000b1600000| Untracked 
| 791|0x00000000b1700000, 0x00000000b1700000, 0x00000000b1800000|  0%| F|  |TAMS 0x00000000b1700000, 0x00000000b1700000| Untracked 
| 792|0x00000000b1800000, 0x00000000b1800000, 0x00000000b1900000|  0%| F|  |TAMS 0x00000000b1800000, 0x00000000b1800000| Untracked 
| 793|0x00000000b1900000, 0x00000000b1900000, 0x00000000b1a00000|  0%| F|  |TAMS 0x00000000b1900000, 0x00000000b1900000| Untracked 
| 794|0x00000000b1a00000, 0x00000000b1a00000, 0x00000000b1b00000|  0%| F|  |TAMS 0x00000000b1a00000, 0x00000000b1a00000| Untracked 
| 795|0x00000000b1b00000, 0x00000000b1b00000, 0x00000000b1c00000|  0%| F|  |TAMS 0x00000000b1b00000, 0x00000000b1b00000| Untracked 
| 796|0x00000000b1c00000, 0x00000000b1c00000, 0x00000000b1d00000|  0%| F|  |TAMS 0x00000000b1c00000, 0x00000000b1c00000| Untracked 
| 797|0x00000000b1d00000, 0x00000000b1d00000, 0x00000000b1e00000|  0%| F|  |TAMS 0x00000000b1d00000, 0x00000000b1d00000| Untracked 
| 798|0x00000000b1e00000, 0x00000000b1e00000, 0x00000000b1f00000|  0%| F|  |TAMS 0x00000000b1e00000, 0x00000000b1e00000| Untracked 
| 799|0x00000000b1f00000, 0x00000000b1f00000, 0x00000000b2000000|  0%| F|  |TAMS 0x00000000b1f00000, 0x00000000b1f00000| Untracked 
| 800|0x00000000b2000000, 0x00000000b2000000, 0x00000000b2100000|  0%| F|  |TAMS 0x00000000b2000000, 0x00000000b2000000| Untracked 
| 801|0x00000000b2100000, 0x00000000b2100000, 0x00000000b2200000|  0%| F|  |TAMS 0x00000000b2100000, 0x00000000b2100000| Untracked 
| 802|0x00000000b2200000, 0x00000000b2200000, 0x00000000b2300000|  0%| F|  |TAMS 0x00000000b2200000, 0x00000000b2200000| Untracked 
| 803|0x00000000b2300000, 0x00000000b2300000, 0x00000000b2400000|  0%| F|  |TAMS 0x00000000b2300000, 0x00000000b2300000| Untracked 
| 804|0x00000000b2400000, 0x00000000b2400000, 0x00000000b2500000|  0%| F|  |TAMS 0x00000000b2400000, 0x00000000b2400000| Untracked 
| 805|0x00000000b2500000, 0x00000000b2500000, 0x00000000b2600000|  0%| F|  |TAMS 0x00000000b2500000, 0x00000000b2500000| Untracked 
| 806|0x00000000b2600000, 0x00000000b2600000, 0x00000000b2700000|  0%| F|  |TAMS 0x00000000b2600000, 0x00000000b2600000| Untracked 
| 807|0x00000000b2700000, 0x00000000b2700000, 0x00000000b2800000|  0%| F|  |TAMS 0x00000000b2700000, 0x00000000b2700000| Untracked 
| 808|0x00000000b2800000, 0x00000000b2800000, 0x00000000b2900000|  0%| F|  |TAMS 0x00000000b2800000, 0x00000000b2800000| Untracked 
| 809|0x00000000b2900000, 0x00000000b2900000, 0x00000000b2a00000|  0%| F|  |TAMS 0x00000000b2900000, 0x00000000b2900000| Untracked 
| 810|0x00000000b2a00000, 0x00000000b2a00000, 0x00000000b2b00000|  0%| F|  |TAMS 0x00000000b2a00000, 0x00000000b2a00000| Untracked 
| 811|0x00000000b2b00000, 0x00000000b2b00000, 0x00000000b2c00000|  0%| F|  |TAMS 0x00000000b2b00000, 0x00000000b2b00000| Untracked 
| 812|0x00000000b2c00000, 0x00000000b2c00000, 0x00000000b2d00000|  0%| F|  |TAMS 0x00000000b2c00000, 0x00000000b2c00000| Untracked 
| 813|0x00000000b2d00000, 0x00000000b2d00000, 0x00000000b2e00000|  0%| F|  |TAMS 0x00000000b2d00000, 0x00000000b2d00000| Untracked 
| 814|0x00000000b2e00000, 0x00000000b2e00000, 0x00000000b2f00000|  0%| F|  |TAMS 0x00000000b2e00000, 0x00000000b2e00000| Untracked 
| 815|0x00000000b2f00000, 0x00000000b2f00000, 0x00000000b3000000|  0%| F|  |TAMS 0x00000000b2f00000, 0x00000000b2f00000| Untracked 
| 816|0x00000000b3000000, 0x00000000b3000000, 0x00000000b3100000|  0%| F|  |TAMS 0x00000000b3000000, 0x00000000b3000000| Untracked 
| 817|0x00000000b3100000, 0x00000000b3100000, 0x00000000b3200000|  0%| F|  |TAMS 0x00000000b3100000, 0x00000000b3100000| Untracked 
| 818|0x00000000b3200000, 0x00000000b3200000, 0x00000000b3300000|  0%| F|  |TAMS 0x00000000b3200000, 0x00000000b3200000| Untracked 
| 819|0x00000000b3300000, 0x00000000b3300000, 0x00000000b3400000|  0%| F|  |TAMS 0x00000000b3300000, 0x00000000b3300000| Untracked 
| 820|0x00000000b3400000, 0x00000000b3400000, 0x00000000b3500000|  0%| F|  |TAMS 0x00000000b3400000, 0x00000000b3400000| Untracked 
| 821|0x00000000b3500000, 0x00000000b3500000, 0x00000000b3600000|  0%| F|  |TAMS 0x00000000b3500000, 0x00000000b3500000| Untracked 
| 822|0x00000000b3600000, 0x00000000b3600000, 0x00000000b3700000|  0%| F|  |TAMS 0x00000000b3600000, 0x00000000b3600000| Untracked 
| 823|0x00000000b3700000, 0x00000000b3700000, 0x00000000b3800000|  0%| F|  |TAMS 0x00000000b3700000, 0x00000000b3700000| Untracked 
| 824|0x00000000b3800000, 0x00000000b3800000, 0x00000000b3900000|  0%| F|  |TAMS 0x00000000b3800000, 0x00000000b3800000| Untracked 
| 825|0x00000000b3900000, 0x00000000b3900000, 0x00000000b3a00000|  0%| F|  |TAMS 0x00000000b3900000, 0x00000000b3900000| Untracked 
| 826|0x00000000b3a00000, 0x00000000b3a00000, 0x00000000b3b00000|  0%| F|  |TAMS 0x00000000b3a00000, 0x00000000b3a00000| Untracked 
| 827|0x00000000b3b00000, 0x00000000b3b00000, 0x00000000b3c00000|  0%| F|  |TAMS 0x00000000b3b00000, 0x00000000b3b00000| Untracked 
| 828|0x00000000b3c00000, 0x00000000b3c00000, 0x00000000b3d00000|  0%| F|  |TAMS 0x00000000b3c00000, 0x00000000b3c00000| Untracked 
| 829|0x00000000b3d00000, 0x00000000b3d00000, 0x00000000b3e00000|  0%| F|  |TAMS 0x00000000b3d00000, 0x00000000b3d00000| Untracked 
| 830|0x00000000b3e00000, 0x00000000b3e00000, 0x00000000b3f00000|  0%| F|  |TAMS 0x00000000b3e00000, 0x00000000b3e00000| Untracked 
| 831|0x00000000b3f00000, 0x00000000b3f00000, 0x00000000b4000000|  0%| F|  |TAMS 0x00000000b3f00000, 0x00000000b3f00000| Untracked 
| 832|0x00000000b4000000, 0x00000000b4000000, 0x00000000b4100000|  0%| F|  |TAMS 0x00000000b4000000, 0x00000000b4000000| Untracked 
| 833|0x00000000b4100000, 0x00000000b4100000, 0x00000000b4200000|  0%| F|  |TAMS 0x00000000b4100000, 0x00000000b4100000| Untracked 
| 834|0x00000000b4200000, 0x00000000b4200000, 0x00000000b4300000|  0%| F|  |TAMS 0x00000000b4200000, 0x00000000b4200000| Untracked 
| 835|0x00000000b4300000, 0x00000000b4300000, 0x00000000b4400000|  0%| F|  |TAMS 0x00000000b4300000, 0x00000000b4300000| Untracked 
| 836|0x00000000b4400000, 0x00000000b4400000, 0x00000000b4500000|  0%| F|  |TAMS 0x00000000b4400000, 0x00000000b4400000| Untracked 
| 837|0x00000000b4500000, 0x00000000b4500000, 0x00000000b4600000|  0%| F|  |TAMS 0x00000000b4500000, 0x00000000b4500000| Untracked 
| 838|0x00000000b4600000, 0x00000000b4600000, 0x00000000b4700000|  0%| F|  |TAMS 0x00000000b4600000, 0x00000000b4600000| Untracked 
| 839|0x00000000b4700000, 0x00000000b4700000, 0x00000000b4800000|  0%| F|  |TAMS 0x00000000b4700000, 0x00000000b4700000| Untracked 
| 840|0x00000000b4800000, 0x00000000b4800000, 0x00000000b4900000|  0%| F|  |TAMS 0x00000000b4800000, 0x00000000b4800000| Untracked 
| 841|0x00000000b4900000, 0x00000000b4900000, 0x00000000b4a00000|  0%| F|  |TAMS 0x00000000b4900000, 0x00000000b4900000| Untracked 
| 842|0x00000000b4a00000, 0x00000000b4a00000, 0x00000000b4b00000|  0%| F|  |TAMS 0x00000000b4a00000, 0x00000000b4a00000| Untracked 
| 843|0x00000000b4b00000, 0x00000000b4b00000, 0x00000000b4c00000|  0%| F|  |TAMS 0x00000000b4b00000, 0x00000000b4b00000| Untracked 
| 844|0x00000000b4c00000, 0x00000000b4c00000, 0x00000000b4d00000|  0%| F|  |TAMS 0x00000000b4c00000, 0x00000000b4c00000| Untracked 
| 845|0x00000000b4d00000, 0x00000000b4d00000, 0x00000000b4e00000|  0%| F|  |TAMS 0x00000000b4d00000, 0x00000000b4d00000| Untracked 
| 846|0x00000000b4e00000, 0x00000000b4e00000, 0x00000000b4f00000|  0%| F|  |TAMS 0x00000000b4e00000, 0x00000000b4e00000| Untracked 
| 847|0x00000000b4f00000, 0x00000000b4f00000, 0x00000000b5000000|  0%| F|  |TAMS 0x00000000b4f00000, 0x00000000b4f00000| Untracked 
| 848|0x00000000b5000000, 0x00000000b5000000, 0x00000000b5100000|  0%| F|  |TAMS 0x00000000b5000000, 0x00000000b5000000| Untracked 
| 849|0x00000000b5100000, 0x00000000b5100000, 0x00000000b5200000|  0%| F|  |TAMS 0x00000000b5100000, 0x00000000b5100000| Untracked 
| 850|0x00000000b5200000, 0x00000000b5200000, 0x00000000b5300000|  0%| F|  |TAMS 0x00000000b5200000, 0x00000000b5200000| Untracked 
| 851|0x00000000b5300000, 0x00000000b5300000, 0x00000000b5400000|  0%| F|  |TAMS 0x00000000b5300000, 0x00000000b5300000| Untracked 
| 852|0x00000000b5400000, 0x00000000b5400000, 0x00000000b5500000|  0%| F|  |TAMS 0x00000000b5400000, 0x00000000b5400000| Untracked 
| 853|0x00000000b5500000, 0x00000000b5500000, 0x00000000b5600000|  0%| F|  |TAMS 0x00000000b5500000, 0x00000000b5500000| Untracked 
| 854|0x00000000b5600000, 0x00000000b5600000, 0x00000000b5700000|  0%| F|  |TAMS 0x00000000b5600000, 0x00000000b5600000| Untracked 
| 855|0x00000000b5700000, 0x00000000b5700000, 0x00000000b5800000|  0%| F|  |TAMS 0x00000000b5700000, 0x00000000b5700000| Untracked 
| 856|0x00000000b5800000, 0x00000000b5800000, 0x00000000b5900000|  0%| F|  |TAMS 0x00000000b5800000, 0x00000000b5800000| Untracked 
| 857|0x00000000b5900000, 0x00000000b5900000, 0x00000000b5a00000|  0%| F|  |TAMS 0x00000000b5900000, 0x00000000b5900000| Untracked 
| 858|0x00000000b5a00000, 0x00000000b5a00000, 0x00000000b5b00000|  0%| F|  |TAMS 0x00000000b5a00000, 0x00000000b5a00000| Untracked 
| 859|0x00000000b5b00000, 0x00000000b5b00000, 0x00000000b5c00000|  0%| F|  |TAMS 0x00000000b5b00000, 0x00000000b5b00000| Untracked 
| 860|0x00000000b5c00000, 0x00000000b5c00000, 0x00000000b5d00000|  0%| F|  |TAMS 0x00000000b5c00000, 0x00000000b5c00000| Untracked 
| 861|0x00000000b5d00000, 0x00000000b5d00000, 0x00000000b5e00000|  0%| F|  |TAMS 0x00000000b5d00000, 0x00000000b5d00000| Untracked 
| 862|0x00000000b5e00000, 0x00000000b5e00000, 0x00000000b5f00000|  0%| F|  |TAMS 0x00000000b5e00000, 0x00000000b5e00000| Untracked 
| 863|0x00000000b5f00000, 0x00000000b5f00000, 0x00000000b6000000|  0%| F|  |TAMS 0x00000000b5f00000, 0x00000000b5f00000| Untracked 
| 864|0x00000000b6000000, 0x00000000b6000000, 0x00000000b6100000|  0%| F|  |TAMS 0x00000000b6000000, 0x00000000b6000000| Untracked 
| 865|0x00000000b6100000, 0x00000000b6100000, 0x00000000b6200000|  0%| F|  |TAMS 0x00000000b6100000, 0x00000000b6100000| Untracked 
| 866|0x00000000b6200000, 0x00000000b6200000, 0x00000000b6300000|  0%| F|  |TAMS 0x00000000b6200000, 0x00000000b6200000| Untracked 
| 867|0x00000000b6300000, 0x00000000b6300000, 0x00000000b6400000|  0%| F|  |TAMS 0x00000000b6300000, 0x00000000b6300000| Untracked 
| 868|0x00000000b6400000, 0x00000000b6400000, 0x00000000b6500000|  0%| F|  |TAMS 0x00000000b6400000, 0x00000000b6400000| Untracked 
| 869|0x00000000b6500000, 0x00000000b6500000, 0x00000000b6600000|  0%| F|  |TAMS 0x00000000b6500000, 0x00000000b6500000| Untracked 
| 870|0x00000000b6600000, 0x00000000b6600000, 0x00000000b6700000|  0%| F|  |TAMS 0x00000000b6600000, 0x00000000b6600000| Untracked 
| 871|0x00000000b6700000, 0x00000000b6700000, 0x00000000b6800000|  0%| F|  |TAMS 0x00000000b6700000, 0x00000000b6700000| Untracked 
| 872|0x00000000b6800000, 0x00000000b6800000, 0x00000000b6900000|  0%| F|  |TAMS 0x00000000b6800000, 0x00000000b6800000| Untracked 
| 873|0x00000000b6900000, 0x00000000b6900000, 0x00000000b6a00000|  0%| F|  |TAMS 0x00000000b6900000, 0x00000000b6900000| Untracked 
| 874|0x00000000b6a00000, 0x00000000b6a00000, 0x00000000b6b00000|  0%| F|  |TAMS 0x00000000b6a00000, 0x00000000b6a00000| Untracked 
| 875|0x00000000b6b00000, 0x00000000b6b00000, 0x00000000b6c00000|  0%| F|  |TAMS 0x00000000b6b00000, 0x00000000b6b00000| Untracked 
| 876|0x00000000b6c00000, 0x00000000b6c00000, 0x00000000b6d00000|  0%| F|  |TAMS 0x00000000b6c00000, 0x00000000b6c00000| Untracked 
| 877|0x00000000b6d00000, 0x00000000b6d00000, 0x00000000b6e00000|  0%| F|  |TAMS 0x00000000b6d00000, 0x00000000b6d00000| Untracked 
| 878|0x00000000b6e00000, 0x00000000b6e00000, 0x00000000b6f00000|  0%| F|  |TAMS 0x00000000b6e00000, 0x00000000b6e00000| Untracked 
| 879|0x00000000b6f00000, 0x00000000b6f00000, 0x00000000b7000000|  0%| F|  |TAMS 0x00000000b6f00000, 0x00000000b6f00000| Untracked 
| 880|0x00000000b7000000, 0x00000000b7000000, 0x00000000b7100000|  0%| F|  |TAMS 0x00000000b7000000, 0x00000000b7000000| Untracked 
| 881|0x00000000b7100000, 0x00000000b7100000, 0x00000000b7200000|  0%| F|  |TAMS 0x00000000b7100000, 0x00000000b7100000| Untracked 
| 882|0x00000000b7200000, 0x00000000b7200000, 0x00000000b7300000|  0%| F|  |TAMS 0x00000000b7200000, 0x00000000b7200000| Untracked 
| 883|0x00000000b7300000, 0x00000000b7300000, 0x00000000b7400000|  0%| F|  |TAMS 0x00000000b7300000, 0x00000000b7300000| Untracked 
| 884|0x00000000b7400000, 0x00000000b7400000, 0x00000000b7500000|  0%| F|  |TAMS 0x00000000b7400000, 0x00000000b7400000| Untracked 
| 885|0x00000000b7500000, 0x00000000b7500000, 0x00000000b7600000|  0%| F|  |TAMS 0x00000000b7500000, 0x00000000b7500000| Untracked 
| 886|0x00000000b7600000, 0x00000000b7600000, 0x00000000b7700000|  0%| F|  |TAMS 0x00000000b7600000, 0x00000000b7600000| Untracked 
| 887|0x00000000b7700000, 0x00000000b7700000, 0x00000000b7800000|  0%| F|  |TAMS 0x00000000b7700000, 0x00000000b7700000| Untracked 
| 888|0x00000000b7800000, 0x00000000b7800000, 0x00000000b7900000|  0%| F|  |TAMS 0x00000000b7800000, 0x00000000b7800000| Untracked 
| 889|0x00000000b7900000, 0x00000000b7900000, 0x00000000b7a00000|  0%| F|  |TAMS 0x00000000b7900000, 0x00000000b7900000| Untracked 
| 890|0x00000000b7a00000, 0x00000000b7a00000, 0x00000000b7b00000|  0%| F|  |TAMS 0x00000000b7a00000, 0x00000000b7a00000| Untracked 
| 891|0x00000000b7b00000, 0x00000000b7b00000, 0x00000000b7c00000|  0%| F|  |TAMS 0x00000000b7b00000, 0x00000000b7b00000| Untracked 
| 892|0x00000000b7c00000, 0x00000000b7c00000, 0x00000000b7d00000|  0%| F|  |TAMS 0x00000000b7c00000, 0x00000000b7c00000| Untracked 
| 893|0x00000000b7d00000, 0x00000000b7d00000, 0x00000000b7e00000|  0%| F|  |TAMS 0x00000000b7d00000, 0x00000000b7d00000| Untracked 
| 894|0x00000000b7e00000, 0x00000000b7e00000, 0x00000000b7f00000|  0%| F|  |TAMS 0x00000000b7e00000, 0x00000000b7e00000| Untracked 
| 895|0x00000000b7f00000, 0x00000000b7f00000, 0x00000000b8000000|  0%| F|  |TAMS 0x00000000b7f00000, 0x00000000b7f00000| Untracked 
| 896|0x00000000b8000000, 0x00000000b8000000, 0x00000000b8100000|  0%| F|  |TAMS 0x00000000b8000000, 0x00000000b8000000| Untracked 
| 897|0x00000000b8100000, 0x00000000b8100000, 0x00000000b8200000|  0%| F|  |TAMS 0x00000000b8100000, 0x00000000b8100000| Untracked 
| 898|0x00000000b8200000, 0x00000000b8200000, 0x00000000b8300000|  0%| F|  |TAMS 0x00000000b8200000, 0x00000000b8200000| Untracked 
| 899|0x00000000b8300000, 0x00000000b8300000, 0x00000000b8400000|  0%| F|  |TAMS 0x00000000b8300000, 0x00000000b8300000| Untracked 
| 900|0x00000000b8400000, 0x00000000b8400000, 0x00000000b8500000|  0%| F|  |TAMS 0x00000000b8400000, 0x00000000b8400000| Untracked 
| 901|0x00000000b8500000, 0x00000000b8500000, 0x00000000b8600000|  0%| F|  |TAMS 0x00000000b8500000, 0x00000000b8500000| Untracked 
| 902|0x00000000b8600000, 0x00000000b8600000, 0x00000000b8700000|  0%| F|  |TAMS 0x00000000b8600000, 0x00000000b8600000| Untracked 
| 903|0x00000000b8700000, 0x00000000b8700000, 0x00000000b8800000|  0%| F|  |TAMS 0x00000000b8700000, 0x00000000b8700000| Untracked 
| 904|0x00000000b8800000, 0x00000000b8800000, 0x00000000b8900000|  0%| F|  |TAMS 0x00000000b8800000, 0x00000000b8800000| Untracked 
| 905|0x00000000b8900000, 0x00000000b8900000, 0x00000000b8a00000|  0%| F|  |TAMS 0x00000000b8900000, 0x00000000b8900000| Untracked 
| 906|0x00000000b8a00000, 0x00000000b8a00000, 0x00000000b8b00000|  0%| F|  |TAMS 0x00000000b8a00000, 0x00000000b8a00000| Untracked 
| 907|0x00000000b8b00000, 0x00000000b8b00000, 0x00000000b8c00000|  0%| F|  |TAMS 0x00000000b8b00000, 0x00000000b8b00000| Untracked 
| 908|0x00000000b8c00000, 0x00000000b8c00000, 0x00000000b8d00000|  0%| F|  |TAMS 0x00000000b8c00000, 0x00000000b8c00000| Untracked 
| 909|0x00000000b8d00000, 0x00000000b8d00000, 0x00000000b8e00000|  0%| F|  |TAMS 0x00000000b8d00000, 0x00000000b8d00000| Untracked 
| 910|0x00000000b8e00000, 0x00000000b8e00000, 0x00000000b8f00000|  0%| F|  |TAMS 0x00000000b8e00000, 0x00000000b8e00000| Untracked 
| 911|0x00000000b8f00000, 0x00000000b8f00000, 0x00000000b9000000|  0%| F|  |TAMS 0x00000000b8f00000, 0x00000000b8f00000| Untracked 
| 912|0x00000000b9000000, 0x00000000b9000000, 0x00000000b9100000|  0%| F|  |TAMS 0x00000000b9000000, 0x00000000b9000000| Untracked 
| 913|0x00000000b9100000, 0x00000000b9100000, 0x00000000b9200000|  0%| F|  |TAMS 0x00000000b9100000, 0x00000000b9100000| Untracked 
| 914|0x00000000b9200000, 0x00000000b9200000, 0x00000000b9300000|  0%| F|  |TAMS 0x00000000b9200000, 0x00000000b9200000| Untracked 
| 915|0x00000000b9300000, 0x00000000b9300000, 0x00000000b9400000|  0%| F|  |TAMS 0x00000000b9300000, 0x00000000b9300000| Untracked 
| 916|0x00000000b9400000, 0x00000000b9400000, 0x00000000b9500000|  0%| F|  |TAMS 0x00000000b9400000, 0x00000000b9400000| Untracked 
| 917|0x00000000b9500000, 0x00000000b9500000, 0x00000000b9600000|  0%| F|  |TAMS 0x00000000b9500000, 0x00000000b9500000| Untracked 
| 918|0x00000000b9600000, 0x00000000b9600000, 0x00000000b9700000|  0%| F|  |TAMS 0x00000000b9600000, 0x00000000b9600000| Untracked 
| 919|0x00000000b9700000, 0x00000000b9700000, 0x00000000b9800000|  0%| F|  |TAMS 0x00000000b9700000, 0x00000000b9700000| Untracked 
| 920|0x00000000b9800000, 0x00000000b9800000, 0x00000000b9900000|  0%| F|  |TAMS 0x00000000b9800000, 0x00000000b9800000| Untracked 
| 921|0x00000000b9900000, 0x00000000b9900000, 0x00000000b9a00000|  0%| F|  |TAMS 0x00000000b9900000, 0x00000000b9900000| Untracked 
| 922|0x00000000b9a00000, 0x00000000b9a00000, 0x00000000b9b00000|  0%| F|  |TAMS 0x00000000b9a00000, 0x00000000b9a00000| Untracked 
| 923|0x00000000b9b00000, 0x00000000b9b00000, 0x00000000b9c00000|  0%| F|  |TAMS 0x00000000b9b00000, 0x00000000b9b00000| Untracked 
| 924|0x00000000b9c00000, 0x00000000b9c00000, 0x00000000b9d00000|  0%| F|  |TAMS 0x00000000b9c00000, 0x00000000b9c00000| Untracked 
| 925|0x00000000b9d00000, 0x00000000b9d00000, 0x00000000b9e00000|  0%| F|  |TAMS 0x00000000b9d00000, 0x00000000b9d00000| Untracked 
| 926|0x00000000b9e00000, 0x00000000b9e00000, 0x00000000b9f00000|  0%| F|  |TAMS 0x00000000b9e00000, 0x00000000b9e00000| Untracked 
| 927|0x00000000b9f00000, 0x00000000b9f00000, 0x00000000ba000000|  0%| F|  |TAMS 0x00000000b9f00000, 0x00000000b9f00000| Untracked 
| 928|0x00000000ba000000, 0x00000000ba000000, 0x00000000ba100000|  0%| F|  |TAMS 0x00000000ba000000, 0x00000000ba000000| Untracked 
| 929|0x00000000ba100000, 0x00000000ba100000, 0x00000000ba200000|  0%| F|  |TAMS 0x00000000ba100000, 0x00000000ba100000| Untracked 
| 930|0x00000000ba200000, 0x00000000ba200000, 0x00000000ba300000|  0%| F|  |TAMS 0x00000000ba200000, 0x00000000ba200000| Untracked 
| 931|0x00000000ba300000, 0x00000000ba300000, 0x00000000ba400000|  0%| F|  |TAMS 0x00000000ba300000, 0x00000000ba300000| Untracked 
| 932|0x00000000ba400000, 0x00000000ba400000, 0x00000000ba500000|  0%| F|  |TAMS 0x00000000ba400000, 0x00000000ba400000| Untracked 
| 933|0x00000000ba500000, 0x00000000ba500000, 0x00000000ba600000|  0%| F|  |TAMS 0x00000000ba500000, 0x00000000ba500000| Untracked 
| 934|0x00000000ba600000, 0x00000000ba600000, 0x00000000ba700000|  0%| F|  |TAMS 0x00000000ba600000, 0x00000000ba600000| Untracked 
| 935|0x00000000ba700000, 0x00000000ba700000, 0x00000000ba800000|  0%| F|  |TAMS 0x00000000ba700000, 0x00000000ba700000| Untracked 
| 936|0x00000000ba800000, 0x00000000ba800000, 0x00000000ba900000|  0%| F|  |TAMS 0x00000000ba800000, 0x00000000ba800000| Untracked 
| 937|0x00000000ba900000, 0x00000000ba900000, 0x00000000baa00000|  0%| F|  |TAMS 0x00000000ba900000, 0x00000000ba900000| Untracked 
| 938|0x00000000baa00000, 0x00000000baa00000, 0x00000000bab00000|  0%| F|  |TAMS 0x00000000baa00000, 0x00000000baa00000| Untracked 
| 939|0x00000000bab00000, 0x00000000bab00000, 0x00000000bac00000|  0%| F|  |TAMS 0x00000000bab00000, 0x00000000bab00000| Untracked 
| 940|0x00000000bac00000, 0x00000000bac00000, 0x00000000bad00000|  0%| F|  |TAMS 0x00000000bac00000, 0x00000000bac00000| Untracked 
| 941|0x00000000bad00000, 0x00000000bad00000, 0x00000000bae00000|  0%| F|  |TAMS 0x00000000bad00000, 0x00000000bad00000| Untracked 
| 942|0x00000000bae00000, 0x00000000bae00000, 0x00000000baf00000|  0%| F|  |TAMS 0x00000000bae00000, 0x00000000bae00000| Untracked 
| 943|0x00000000baf00000, 0x00000000baf00000, 0x00000000bb000000|  0%| F|  |TAMS 0x00000000baf00000, 0x00000000baf00000| Untracked 
| 944|0x00000000bb000000, 0x00000000bb000000, 0x00000000bb100000|  0%| F|  |TAMS 0x00000000bb000000, 0x00000000bb000000| Untracked 
| 945|0x00000000bb100000, 0x00000000bb100000, 0x00000000bb200000|  0%| F|  |TAMS 0x00000000bb100000, 0x00000000bb100000| Untracked 
| 946|0x00000000bb200000, 0x00000000bb200000, 0x00000000bb300000|  0%| F|  |TAMS 0x00000000bb200000, 0x00000000bb200000| Untracked 
| 947|0x00000000bb300000, 0x00000000bb300000, 0x00000000bb400000|  0%| F|  |TAMS 0x00000000bb300000, 0x00000000bb300000| Untracked 
| 948|0x00000000bb400000, 0x00000000bb400000, 0x00000000bb500000|  0%| F|  |TAMS 0x00000000bb400000, 0x00000000bb400000| Untracked 
| 949|0x00000000bb500000, 0x00000000bb500000, 0x00000000bb600000|  0%| F|  |TAMS 0x00000000bb500000, 0x00000000bb500000| Untracked 
| 950|0x00000000bb600000, 0x00000000bb600000, 0x00000000bb700000|  0%| F|  |TAMS 0x00000000bb600000, 0x00000000bb600000| Untracked 
| 951|0x00000000bb700000, 0x00000000bb700000, 0x00000000bb800000|  0%| F|  |TAMS 0x00000000bb700000, 0x00000000bb700000| Untracked 
| 952|0x00000000bb800000, 0x00000000bb800000, 0x00000000bb900000|  0%| F|  |TAMS 0x00000000bb800000, 0x00000000bb800000| Untracked 
| 953|0x00000000bb900000, 0x00000000bb900000, 0x00000000bba00000|  0%| F|  |TAMS 0x00000000bb900000, 0x00000000bb900000| Untracked 
| 954|0x00000000bba00000, 0x00000000bba00000, 0x00000000bbb00000|  0%| F|  |TAMS 0x00000000bba00000, 0x00000000bba00000| Untracked 
| 955|0x00000000bbb00000, 0x00000000bbb00000, 0x00000000bbc00000|  0%| F|  |TAMS 0x00000000bbb00000, 0x00000000bbb00000| Untracked 
| 956|0x00000000bbc00000, 0x00000000bbc00000, 0x00000000bbd00000|  0%| F|  |TAMS 0x00000000bbc00000, 0x00000000bbc00000| Untracked 
| 957|0x00000000bbd00000, 0x00000000bbd00000, 0x00000000bbe00000|  0%| F|  |TAMS 0x00000000bbd00000, 0x00000000bbd00000| Untracked 
| 958|0x00000000bbe00000, 0x00000000bbe00000, 0x00000000bbf00000|  0%| F|  |TAMS 0x00000000bbe00000, 0x00000000bbe00000| Untracked 
| 959|0x00000000bbf00000, 0x00000000bbf00000, 0x00000000bc000000|  0%| F|  |TAMS 0x00000000bbf00000, 0x00000000bbf00000| Untracked 
| 960|0x00000000bc000000, 0x00000000bc000000, 0x00000000bc100000|  0%| F|  |TAMS 0x00000000bc000000, 0x00000000bc000000| Untracked 
| 961|0x00000000bc100000, 0x00000000bc100000, 0x00000000bc200000|  0%| F|  |TAMS 0x00000000bc100000, 0x00000000bc100000| Untracked 
| 962|0x00000000bc200000, 0x00000000bc200000, 0x00000000bc300000|  0%| F|  |TAMS 0x00000000bc200000, 0x00000000bc200000| Untracked 
| 963|0x00000000bc300000, 0x00000000bc300000, 0x00000000bc400000|  0%| F|  |TAMS 0x00000000bc300000, 0x00000000bc300000| Untracked 
| 964|0x00000000bc400000, 0x00000000bc400000, 0x00000000bc500000|  0%| F|  |TAMS 0x00000000bc400000, 0x00000000bc400000| Untracked 
| 965|0x00000000bc500000, 0x00000000bc500000, 0x00000000bc600000|  0%| F|  |TAMS 0x00000000bc500000, 0x00000000bc500000| Untracked 
| 966|0x00000000bc600000, 0x00000000bc600000, 0x00000000bc700000|  0%| F|  |TAMS 0x00000000bc600000, 0x00000000bc600000| Untracked 
| 967|0x00000000bc700000, 0x00000000bc700000, 0x00000000bc800000|  0%| F|  |TAMS 0x00000000bc700000, 0x00000000bc700000| Untracked 
| 968|0x00000000bc800000, 0x00000000bc800000, 0x00000000bc900000|  0%| F|  |TAMS 0x00000000bc800000, 0x00000000bc800000| Untracked 
| 969|0x00000000bc900000, 0x00000000bc900000, 0x00000000bca00000|  0%| F|  |TAMS 0x00000000bc900000, 0x00000000bc900000| Untracked 
| 970|0x00000000bca00000, 0x00000000bca00000, 0x00000000bcb00000|  0%| F|  |TAMS 0x00000000bca00000, 0x00000000bca00000| Untracked 
| 971|0x00000000bcb00000, 0x00000000bcb00000, 0x00000000bcc00000|  0%| F|  |TAMS 0x00000000bcb00000, 0x00000000bcb00000| Untracked 
| 972|0x00000000bcc00000, 0x00000000bcc00000, 0x00000000bcd00000|  0%| F|  |TAMS 0x00000000bcc00000, 0x00000000bcc00000| Untracked 
| 973|0x00000000bcd00000, 0x00000000bcd00000, 0x00000000bce00000|  0%| F|  |TAMS 0x00000000bcd00000, 0x00000000bcd00000| Untracked 
| 974|0x00000000bce00000, 0x00000000bce00000, 0x00000000bcf00000|  0%| F|  |TAMS 0x00000000bce00000, 0x00000000bce00000| Untracked 
| 975|0x00000000bcf00000, 0x00000000bcf00000, 0x00000000bd000000|  0%| F|  |TAMS 0x00000000bcf00000, 0x00000000bcf00000| Untracked 
| 976|0x00000000bd000000, 0x00000000bd000000, 0x00000000bd100000|  0%| F|  |TAMS 0x00000000bd000000, 0x00000000bd000000| Untracked 
| 977|0x00000000bd100000, 0x00000000bd100000, 0x00000000bd200000|  0%| F|  |TAMS 0x00000000bd100000, 0x00000000bd100000| Untracked 
| 978|0x00000000bd200000, 0x00000000bd200000, 0x00000000bd300000|  0%| F|  |TAMS 0x00000000bd200000, 0x00000000bd200000| Untracked 
| 979|0x00000000bd300000, 0x00000000bd300000, 0x00000000bd400000|  0%| F|  |TAMS 0x00000000bd300000, 0x00000000bd300000| Untracked 
| 980|0x00000000bd400000, 0x00000000bd400000, 0x00000000bd500000|  0%| F|  |TAMS 0x00000000bd400000, 0x00000000bd400000| Untracked 
| 981|0x00000000bd500000, 0x00000000bd500000, 0x00000000bd600000|  0%| F|  |TAMS 0x00000000bd500000, 0x00000000bd500000| Untracked 
| 982|0x00000000bd600000, 0x00000000bd600000, 0x00000000bd700000|  0%| F|  |TAMS 0x00000000bd600000, 0x00000000bd600000| Untracked 
| 983|0x00000000bd700000, 0x00000000bd700000, 0x00000000bd800000|  0%| F|  |TAMS 0x00000000bd700000, 0x00000000bd700000| Untracked 
| 984|0x00000000bd800000, 0x00000000bd800000, 0x00000000bd900000|  0%| F|  |TAMS 0x00000000bd800000, 0x00000000bd800000| Untracked 
| 985|0x00000000bd900000, 0x00000000bd900000, 0x00000000bda00000|  0%| F|  |TAMS 0x00000000bd900000, 0x00000000bd900000| Untracked 
| 986|0x00000000bda00000, 0x00000000bda00000, 0x00000000bdb00000|  0%| F|  |TAMS 0x00000000bda00000, 0x00000000bda00000| Untracked 
| 987|0x00000000bdb00000, 0x00000000bdb00000, 0x00000000bdc00000|  0%| F|  |TAMS 0x00000000bdb00000, 0x00000000bdb00000| Untracked 
| 988|0x00000000bdc00000, 0x00000000bdc00000, 0x00000000bdd00000|  0%| F|  |TAMS 0x00000000bdc00000, 0x00000000bdc00000| Untracked 
| 989|0x00000000bdd00000, 0x00000000bdd00000, 0x00000000bde00000|  0%| F|  |TAMS 0x00000000bdd00000, 0x00000000bdd00000| Untracked 
| 990|0x00000000bde00000, 0x00000000bde00000, 0x00000000bdf00000|  0%| F|  |TAMS 0x00000000bde00000, 0x00000000bde00000| Untracked 
| 991|0x00000000bdf00000, 0x00000000bdf00000, 0x00000000be000000|  0%| F|  |TAMS 0x00000000bdf00000, 0x00000000bdf00000| Untracked 
| 992|0x00000000be000000, 0x00000000be000000, 0x00000000be100000|  0%| F|  |TAMS 0x00000000be000000, 0x00000000be000000| Untracked 
| 993|0x00000000be100000, 0x00000000be100000, 0x00000000be200000|  0%| F|  |TAMS 0x00000000be100000, 0x00000000be100000| Untracked 
| 994|0x00000000be200000, 0x00000000be200000, 0x00000000be300000|  0%| F|  |TAMS 0x00000000be200000, 0x00000000be200000| Untracked 
| 995|0x00000000be300000, 0x00000000be300000, 0x00000000be400000|  0%| F|  |TAMS 0x00000000be300000, 0x00000000be300000| Untracked 
| 996|0x00000000be400000, 0x00000000be400000, 0x00000000be500000|  0%| F|  |TAMS 0x00000000be400000, 0x00000000be400000| Untracked 
| 997|0x00000000be500000, 0x00000000be500000, 0x00000000be600000|  0%| F|  |TAMS 0x00000000be500000, 0x00000000be500000| Untracked 
| 998|0x00000000be600000, 0x00000000be600000, 0x00000000be700000|  0%| F|  |TAMS 0x00000000be600000, 0x00000000be600000| Untracked 
| 999|0x00000000be700000, 0x00000000be700000, 0x00000000be800000|  0%| F|  |TAMS 0x00000000be700000, 0x00000000be700000| Untracked 
|1000|0x00000000be800000, 0x00000000be800000, 0x00000000be900000|  0%| F|  |TAMS 0x00000000be800000, 0x00000000be800000| Untracked 
|1001|0x00000000be900000, 0x00000000be900000, 0x00000000bea00000|  0%| F|  |TAMS 0x00000000be900000, 0x00000000be900000| Untracked 
|1002|0x00000000bea00000, 0x00000000bea00000, 0x00000000beb00000|  0%| F|  |TAMS 0x00000000bea00000, 0x00000000bea00000| Untracked 
|1003|0x00000000beb00000, 0x00000000beb00000, 0x00000000bec00000|  0%| F|  |TAMS 0x00000000beb00000, 0x00000000beb00000| Untracked 
|1004|0x00000000bec00000, 0x00000000bec00000, 0x00000000bed00000|  0%| F|  |TAMS 0x00000000bec00000, 0x00000000bec00000| Untracked 
|1005|0x00000000bed00000, 0x00000000bed00000, 0x00000000bee00000|  0%| F|  |TAMS 0x00000000bed00000, 0x00000000bed00000| Untracked 
|1006|0x00000000bee00000, 0x00000000bee00000, 0x00000000bef00000|  0%| F|  |TAMS 0x00000000bee00000, 0x00000000bee00000| Untracked 
|1007|0x00000000bef00000, 0x00000000bef00000, 0x00000000bf000000|  0%| F|  |TAMS 0x00000000bef00000, 0x00000000bef00000| Untracked 
|1008|0x00000000bf000000, 0x00000000bf000000, 0x00000000bf100000|  0%| F|  |TAMS 0x00000000bf000000, 0x00000000bf000000| Untracked 
|1009|0x00000000bf100000, 0x00000000bf100000, 0x00000000bf200000|  0%| F|  |TAMS 0x00000000bf100000, 0x00000000bf100000| Untracked 
|1010|0x00000000bf200000, 0x00000000bf200000, 0x00000000bf300000|  0%| F|  |TAMS 0x00000000bf200000, 0x00000000bf200000| Untracked 
|1011|0x00000000bf300000, 0x00000000bf300000, 0x00000000bf400000|  0%| F|  |TAMS 0x00000000bf300000, 0x00000000bf300000| Untracked 
|1012|0x00000000bf400000, 0x00000000bf400000, 0x00000000bf500000|  0%| F|  |TAMS 0x00000000bf400000, 0x00000000bf400000| Untracked 
|1013|0x00000000bf500000, 0x00000000bf500000, 0x00000000bf600000|  0%| F|  |TAMS 0x00000000bf500000, 0x00000000bf500000| Untracked 
|1014|0x00000000bf600000, 0x00000000bf600000, 0x00000000bf700000|  0%| F|  |TAMS 0x00000000bf600000, 0x00000000bf600000| Untracked 
|1015|0x00000000bf700000, 0x00000000bf700000, 0x00000000bf800000|  0%| F|  |TAMS 0x00000000bf700000, 0x00000000bf700000| Untracked 
|1016|0x00000000bf800000, 0x00000000bf800000, 0x00000000bf900000|  0%| F|  |TAMS 0x00000000bf800000, 0x00000000bf800000| Untracked 
|1017|0x00000000bf900000, 0x00000000bf900000, 0x00000000bfa00000|  0%| F|  |TAMS 0x00000000bf900000, 0x00000000bf900000| Untracked 
|1018|0x00000000bfa00000, 0x00000000bfa00000, 0x00000000bfb00000|  0%| F|  |TAMS 0x00000000bfa00000, 0x00000000bfa00000| Untracked 
|1019|0x00000000bfb00000, 0x00000000bfb00000, 0x00000000bfc00000|  0%| F|  |TAMS 0x00000000bfb00000, 0x00000000bfb00000| Untracked 
|1020|0x00000000bfc00000, 0x00000000bfc00000, 0x00000000bfd00000|  0%| F|  |TAMS 0x00000000bfc00000, 0x00000000bfc00000| Untracked 
|1021|0x00000000bfd00000, 0x00000000bfd00000, 0x00000000bfe00000|  0%| F|  |TAMS 0x00000000bfd00000, 0x00000000bfd00000| Untracked 
|1022|0x00000000bfe00000, 0x00000000bfe00000, 0x00000000bff00000|  0%| F|  |TAMS 0x00000000bfe00000, 0x00000000bfe00000| Untracked 
|1023|0x00000000bff00000, 0x00000000bff00000, 0x00000000c0000000|  0%| F|  |TAMS 0x00000000bff00000, 0x00000000bff00000| Untracked 
|1024|0x00000000c0000000, 0x00000000c0000000, 0x00000000c0100000|  0%| F|  |TAMS 0x00000000c0000000, 0x00000000c0000000| Untracked 
|1025|0x00000000c0100000, 0x00000000c0100000, 0x00000000c0200000|  0%| F|  |TAMS 0x00000000c0100000, 0x00000000c0100000| Untracked 
|1026|0x00000000c0200000, 0x00000000c0200000, 0x00000000c0300000|  0%| F|  |TAMS 0x00000000c0200000, 0x00000000c0200000| Untracked 
|1027|0x00000000c0300000, 0x00000000c0300000, 0x00000000c0400000|  0%| F|  |TAMS 0x00000000c0300000, 0x00000000c0300000| Untracked 
|1028|0x00000000c0400000, 0x00000000c0400000, 0x00000000c0500000|  0%| F|  |TAMS 0x00000000c0400000, 0x00000000c0400000| Untracked 
|1029|0x00000000c0500000, 0x00000000c0500000, 0x00000000c0600000|  0%| F|  |TAMS 0x00000000c0500000, 0x00000000c0500000| Untracked 
|1030|0x00000000c0600000, 0x00000000c0600000, 0x00000000c0700000|  0%| F|  |TAMS 0x00000000c0600000, 0x00000000c0600000| Untracked 
|1031|0x00000000c0700000, 0x00000000c0700000, 0x00000000c0800000|  0%| F|  |TAMS 0x00000000c0700000, 0x00000000c0700000| Untracked 
|1032|0x00000000c0800000, 0x00000000c0800000, 0x00000000c0900000|  0%| F|  |TAMS 0x00000000c0800000, 0x00000000c0800000| Untracked 
|1033|0x00000000c0900000, 0x00000000c0900000, 0x00000000c0a00000|  0%| F|  |TAMS 0x00000000c0900000, 0x00000000c0900000| Untracked 
|1034|0x00000000c0a00000, 0x00000000c0a00000, 0x00000000c0b00000|  0%| F|  |TAMS 0x00000000c0a00000, 0x00000000c0a00000| Untracked 
|1035|0x00000000c0b00000, 0x00000000c0b00000, 0x00000000c0c00000|  0%| F|  |TAMS 0x00000000c0b00000, 0x00000000c0b00000| Untracked 
|1036|0x00000000c0c00000, 0x00000000c0c00000, 0x00000000c0d00000|  0%| F|  |TAMS 0x00000000c0c00000, 0x00000000c0c00000| Untracked 
|1037|0x00000000c0d00000, 0x00000000c0d00000, 0x00000000c0e00000|  0%| F|  |TAMS 0x00000000c0d00000, 0x00000000c0d00000| Untracked 
|1038|0x00000000c0e00000, 0x00000000c0e00000, 0x00000000c0f00000|  0%| F|  |TAMS 0x00000000c0e00000, 0x00000000c0e00000| Untracked 
|1039|0x00000000c0f00000, 0x00000000c0f00000, 0x00000000c1000000|  0%| F|  |TAMS 0x00000000c0f00000, 0x00000000c0f00000| Untracked 
|1040|0x00000000c1000000, 0x00000000c1000000, 0x00000000c1100000|  0%| F|  |TAMS 0x00000000c1000000, 0x00000000c1000000| Untracked 
|1041|0x00000000c1100000, 0x00000000c1100000, 0x00000000c1200000|  0%| F|  |TAMS 0x00000000c1100000, 0x00000000c1100000| Untracked 
|1042|0x00000000c1200000, 0x00000000c1200000, 0x00000000c1300000|  0%| F|  |TAMS 0x00000000c1200000, 0x00000000c1200000| Untracked 
|1043|0x00000000c1300000, 0x00000000c1300000, 0x00000000c1400000|  0%| F|  |TAMS 0x00000000c1300000, 0x00000000c1300000| Untracked 
|1044|0x00000000c1400000, 0x00000000c1400000, 0x00000000c1500000|  0%| F|  |TAMS 0x00000000c1400000, 0x00000000c1400000| Untracked 
|1045|0x00000000c1500000, 0x00000000c1500000, 0x00000000c1600000|  0%| F|  |TAMS 0x00000000c1500000, 0x00000000c1500000| Untracked 
|1046|0x00000000c1600000, 0x00000000c1600000, 0x00000000c1700000|  0%| F|  |TAMS 0x00000000c1600000, 0x00000000c1600000| Untracked 
|1047|0x00000000c1700000, 0x00000000c1700000, 0x00000000c1800000|  0%| F|  |TAMS 0x00000000c1700000, 0x00000000c1700000| Untracked 
|1048|0x00000000c1800000, 0x00000000c1800000, 0x00000000c1900000|  0%| F|  |TAMS 0x00000000c1800000, 0x00000000c1800000| Untracked 
|1049|0x00000000c1900000, 0x00000000c1900000, 0x00000000c1a00000|  0%| F|  |TAMS 0x00000000c1900000, 0x00000000c1900000| Untracked 
|1050|0x00000000c1a00000, 0x00000000c1a00000, 0x00000000c1b00000|  0%| F|  |TAMS 0x00000000c1a00000, 0x00000000c1a00000| Untracked 
|1051|0x00000000c1b00000, 0x00000000c1b00000, 0x00000000c1c00000|  0%| F|  |TAMS 0x00000000c1b00000, 0x00000000c1b00000| Untracked 
|1052|0x00000000c1c00000, 0x00000000c1c00000, 0x00000000c1d00000|  0%| F|  |TAMS 0x00000000c1c00000, 0x00000000c1c00000| Untracked 
|1053|0x00000000c1d00000, 0x00000000c1d00000, 0x00000000c1e00000|  0%| F|  |TAMS 0x00000000c1d00000, 0x00000000c1d00000| Untracked 
|1054|0x00000000c1e00000, 0x00000000c1e00000, 0x00000000c1f00000|  0%| F|  |TAMS 0x00000000c1e00000, 0x00000000c1e00000| Untracked 
|1055|0x00000000c1f00000, 0x00000000c1f00000, 0x00000000c2000000|  0%| F|  |TAMS 0x00000000c1f00000, 0x00000000c1f00000| Untracked 
|1056|0x00000000c2000000, 0x00000000c2000000, 0x00000000c2100000|  0%| F|  |TAMS 0x00000000c2000000, 0x00000000c2000000| Untracked 
|1057|0x00000000c2100000, 0x00000000c2100000, 0x00000000c2200000|  0%| F|  |TAMS 0x00000000c2100000, 0x00000000c2100000| Untracked 
|1058|0x00000000c2200000, 0x00000000c2200000, 0x00000000c2300000|  0%| F|  |TAMS 0x00000000c2200000, 0x00000000c2200000| Untracked 
|1059|0x00000000c2300000, 0x00000000c2300000, 0x00000000c2400000|  0%| F|  |TAMS 0x00000000c2300000, 0x00000000c2300000| Untracked 
|1060|0x00000000c2400000, 0x00000000c2400000, 0x00000000c2500000|  0%| F|  |TAMS 0x00000000c2400000, 0x00000000c2400000| Untracked 
|1061|0x00000000c2500000, 0x00000000c2500000, 0x00000000c2600000|  0%| F|  |TAMS 0x00000000c2500000, 0x00000000c2500000| Untracked 
|1062|0x00000000c2600000, 0x00000000c2600000, 0x00000000c2700000|  0%| F|  |TAMS 0x00000000c2600000, 0x00000000c2600000| Untracked 
|1063|0x00000000c2700000, 0x00000000c2700000, 0x00000000c2800000|  0%| F|  |TAMS 0x00000000c2700000, 0x00000000c2700000| Untracked 
|1064|0x00000000c2800000, 0x00000000c2800000, 0x00000000c2900000|  0%| F|  |TAMS 0x00000000c2800000, 0x00000000c2800000| Untracked 
|1065|0x00000000c2900000, 0x00000000c2900000, 0x00000000c2a00000|  0%| F|  |TAMS 0x00000000c2900000, 0x00000000c2900000| Untracked 
|1066|0x00000000c2a00000, 0x00000000c2a00000, 0x00000000c2b00000|  0%| F|  |TAMS 0x00000000c2a00000, 0x00000000c2a00000| Untracked 
|1067|0x00000000c2b00000, 0x00000000c2b00000, 0x00000000c2c00000|  0%| F|  |TAMS 0x00000000c2b00000, 0x00000000c2b00000| Untracked 
|1068|0x00000000c2c00000, 0x00000000c2c00000, 0x00000000c2d00000|  0%| F|  |TAMS 0x00000000c2c00000, 0x00000000c2c00000| Untracked 
|1069|0x00000000c2d00000, 0x00000000c2d00000, 0x00000000c2e00000|  0%| F|  |TAMS 0x00000000c2d00000, 0x00000000c2d00000| Untracked 
|1070|0x00000000c2e00000, 0x00000000c2e00000, 0x00000000c2f00000|  0%| F|  |TAMS 0x00000000c2e00000, 0x00000000c2e00000| Untracked 
|1071|0x00000000c2f00000, 0x00000000c2f00000, 0x00000000c3000000|  0%| F|  |TAMS 0x00000000c2f00000, 0x00000000c2f00000| Untracked 
|1072|0x00000000c3000000, 0x00000000c3000000, 0x00000000c3100000|  0%| F|  |TAMS 0x00000000c3000000, 0x00000000c3000000| Untracked 
|1073|0x00000000c3100000, 0x00000000c3100000, 0x00000000c3200000|  0%| F|  |TAMS 0x00000000c3100000, 0x00000000c3100000| Untracked 
|1074|0x00000000c3200000, 0x00000000c3200000, 0x00000000c3300000|  0%| F|  |TAMS 0x00000000c3200000, 0x00000000c3200000| Untracked 
|1075|0x00000000c3300000, 0x00000000c3300000, 0x00000000c3400000|  0%| F|  |TAMS 0x00000000c3300000, 0x00000000c3300000| Untracked 
|1076|0x00000000c3400000, 0x00000000c3400000, 0x00000000c3500000|  0%| F|  |TAMS 0x00000000c3400000, 0x00000000c3400000| Untracked 
|1077|0x00000000c3500000, 0x00000000c3500000, 0x00000000c3600000|  0%| F|  |TAMS 0x00000000c3500000, 0x00000000c3500000| Untracked 
|1078|0x00000000c3600000, 0x00000000c3600000, 0x00000000c3700000|  0%| F|  |TAMS 0x00000000c3600000, 0x00000000c3600000| Untracked 
|1079|0x00000000c3700000, 0x00000000c3700000, 0x00000000c3800000|  0%| F|  |TAMS 0x00000000c3700000, 0x00000000c3700000| Untracked 
|1080|0x00000000c3800000, 0x00000000c3800000, 0x00000000c3900000|  0%| F|  |TAMS 0x00000000c3800000, 0x00000000c3800000| Untracked 
|1081|0x00000000c3900000, 0x00000000c3900000, 0x00000000c3a00000|  0%| F|  |TAMS 0x00000000c3900000, 0x00000000c3900000| Untracked 
|1082|0x00000000c3a00000, 0x00000000c3a00000, 0x00000000c3b00000|  0%| F|  |TAMS 0x00000000c3a00000, 0x00000000c3a00000| Untracked 
|1083|0x00000000c3b00000, 0x00000000c3b00000, 0x00000000c3c00000|  0%| F|  |TAMS 0x00000000c3b00000, 0x00000000c3b00000| Untracked 
|1084|0x00000000c3c00000, 0x00000000c3c00000, 0x00000000c3d00000|  0%| F|  |TAMS 0x00000000c3c00000, 0x00000000c3c00000| Untracked 
|1085|0x00000000c3d00000, 0x00000000c3d00000, 0x00000000c3e00000|  0%| F|  |TAMS 0x00000000c3d00000, 0x00000000c3d00000| Untracked 
|1086|0x00000000c3e00000, 0x00000000c3e00000, 0x00000000c3f00000|  0%| F|  |TAMS 0x00000000c3e00000, 0x00000000c3e00000| Untracked 
|1087|0x00000000c3f00000, 0x00000000c3f00000, 0x00000000c4000000|  0%| F|  |TAMS 0x00000000c3f00000, 0x00000000c3f00000| Untracked 
|1088|0x00000000c4000000, 0x00000000c4000000, 0x00000000c4100000|  0%| F|  |TAMS 0x00000000c4000000, 0x00000000c4000000| Untracked 
|1089|0x00000000c4100000, 0x00000000c4100000, 0x00000000c4200000|  0%| F|  |TAMS 0x00000000c4100000, 0x00000000c4100000| Untracked 
|1090|0x00000000c4200000, 0x00000000c4200000, 0x00000000c4300000|  0%| F|  |TAMS 0x00000000c4200000, 0x00000000c4200000| Untracked 
|1091|0x00000000c4300000, 0x00000000c4300000, 0x00000000c4400000|  0%| F|  |TAMS 0x00000000c4300000, 0x00000000c4300000| Untracked 
|1092|0x00000000c4400000, 0x00000000c4400000, 0x00000000c4500000|  0%| F|  |TAMS 0x00000000c4400000, 0x00000000c4400000| Untracked 
|1093|0x00000000c4500000, 0x00000000c4500000, 0x00000000c4600000|  0%| F|  |TAMS 0x00000000c4500000, 0x00000000c4500000| Untracked 
|1094|0x00000000c4600000, 0x00000000c4600000, 0x00000000c4700000|  0%| F|  |TAMS 0x00000000c4600000, 0x00000000c4600000| Untracked 
|1095|0x00000000c4700000, 0x00000000c4700000, 0x00000000c4800000|  0%| F|  |TAMS 0x00000000c4700000, 0x00000000c4700000| Untracked 
|1096|0x00000000c4800000, 0x00000000c4800000, 0x00000000c4900000|  0%| F|  |TAMS 0x00000000c4800000, 0x00000000c4800000| Untracked 
|1097|0x00000000c4900000, 0x00000000c4900000, 0x00000000c4a00000|  0%| F|  |TAMS 0x00000000c4900000, 0x00000000c4900000| Untracked 
|1098|0x00000000c4a00000, 0x00000000c4a00000, 0x00000000c4b00000|  0%| F|  |TAMS 0x00000000c4a00000, 0x00000000c4a00000| Untracked 
|1099|0x00000000c4b00000, 0x00000000c4b00000, 0x00000000c4c00000|  0%| F|  |TAMS 0x00000000c4b00000, 0x00000000c4b00000| Untracked 
|1100|0x00000000c4c00000, 0x00000000c4c00000, 0x00000000c4d00000|  0%| F|  |TAMS 0x00000000c4c00000, 0x00000000c4c00000| Untracked 
|1101|0x00000000c4d00000, 0x00000000c4d00000, 0x00000000c4e00000|  0%| F|  |TAMS 0x00000000c4d00000, 0x00000000c4d00000| Untracked 
|1102|0x00000000c4e00000, 0x00000000c4e00000, 0x00000000c4f00000|  0%| F|  |TAMS 0x00000000c4e00000, 0x00000000c4e00000| Untracked 
|1103|0x00000000c4f00000, 0x00000000c4f00000, 0x00000000c5000000|  0%| F|  |TAMS 0x00000000c4f00000, 0x00000000c4f00000| Untracked 
|1104|0x00000000c5000000, 0x00000000c5000000, 0x00000000c5100000|  0%| F|  |TAMS 0x00000000c5000000, 0x00000000c5000000| Untracked 
|1105|0x00000000c5100000, 0x00000000c5100000, 0x00000000c5200000|  0%| F|  |TAMS 0x00000000c5100000, 0x00000000c5100000| Untracked 
|1106|0x00000000c5200000, 0x00000000c5200000, 0x00000000c5300000|  0%| F|  |TAMS 0x00000000c5200000, 0x00000000c5200000| Untracked 
|1107|0x00000000c5300000, 0x00000000c5300000, 0x00000000c5400000|  0%| F|  |TAMS 0x00000000c5300000, 0x00000000c5300000| Untracked 
|1108|0x00000000c5400000, 0x00000000c5400000, 0x00000000c5500000|  0%| F|  |TAMS 0x00000000c5400000, 0x00000000c5400000| Untracked 
|1109|0x00000000c5500000, 0x00000000c5500000, 0x00000000c5600000|  0%| F|  |TAMS 0x00000000c5500000, 0x00000000c5500000| Untracked 
|1110|0x00000000c5600000, 0x00000000c5600000, 0x00000000c5700000|  0%| F|  |TAMS 0x00000000c5600000, 0x00000000c5600000| Untracked 
|1111|0x00000000c5700000, 0x00000000c5700000, 0x00000000c5800000|  0%| F|  |TAMS 0x00000000c5700000, 0x00000000c5700000| Untracked 
|1112|0x00000000c5800000, 0x00000000c5800000, 0x00000000c5900000|  0%| F|  |TAMS 0x00000000c5800000, 0x00000000c5800000| Untracked 
|1113|0x00000000c5900000, 0x00000000c5900000, 0x00000000c5a00000|  0%| F|  |TAMS 0x00000000c5900000, 0x00000000c5900000| Untracked 
|1114|0x00000000c5a00000, 0x00000000c5a00000, 0x00000000c5b00000|  0%| F|  |TAMS 0x00000000c5a00000, 0x00000000c5a00000| Untracked 
|1115|0x00000000c5b00000, 0x00000000c5b00000, 0x00000000c5c00000|  0%| F|  |TAMS 0x00000000c5b00000, 0x00000000c5b00000| Untracked 
|1116|0x00000000c5c00000, 0x00000000c5c00000, 0x00000000c5d00000|  0%| F|  |TAMS 0x00000000c5c00000, 0x00000000c5c00000| Untracked 
|1117|0x00000000c5d00000, 0x00000000c5d00000, 0x00000000c5e00000|  0%| F|  |TAMS 0x00000000c5d00000, 0x00000000c5d00000| Untracked 
|1118|0x00000000c5e00000, 0x00000000c5e00000, 0x00000000c5f00000|  0%| F|  |TAMS 0x00000000c5e00000, 0x00000000c5e00000| Untracked 
|1119|0x00000000c5f00000, 0x00000000c5f00000, 0x00000000c6000000|  0%| F|  |TAMS 0x00000000c5f00000, 0x00000000c5f00000| Untracked 
|1120|0x00000000c6000000, 0x00000000c6000000, 0x00000000c6100000|  0%| F|  |TAMS 0x00000000c6000000, 0x00000000c6000000| Untracked 
|1121|0x00000000c6100000, 0x00000000c6100000, 0x00000000c6200000|  0%| F|  |TAMS 0x00000000c6100000, 0x00000000c6100000| Untracked 
|1122|0x00000000c6200000, 0x00000000c6200000, 0x00000000c6300000|  0%| F|  |TAMS 0x00000000c6200000, 0x00000000c6200000| Untracked 
|1123|0x00000000c6300000, 0x00000000c6300000, 0x00000000c6400000|  0%| F|  |TAMS 0x00000000c6300000, 0x00000000c6300000| Untracked 
|1124|0x00000000c6400000, 0x00000000c6400000, 0x00000000c6500000|  0%| F|  |TAMS 0x00000000c6400000, 0x00000000c6400000| Untracked 
|1125|0x00000000c6500000, 0x00000000c6500000, 0x00000000c6600000|  0%| F|  |TAMS 0x00000000c6500000, 0x00000000c6500000| Untracked 
|1126|0x00000000c6600000, 0x00000000c6600000, 0x00000000c6700000|  0%| F|  |TAMS 0x00000000c6600000, 0x00000000c6600000| Untracked 
|1127|0x00000000c6700000, 0x00000000c6700000, 0x00000000c6800000|  0%| F|  |TAMS 0x00000000c6700000, 0x00000000c6700000| Untracked 
|1128|0x00000000c6800000, 0x00000000c6800000, 0x00000000c6900000|  0%| F|  |TAMS 0x00000000c6800000, 0x00000000c6800000| Untracked 
|1129|0x00000000c6900000, 0x00000000c6900000, 0x00000000c6a00000|  0%| F|  |TAMS 0x00000000c6900000, 0x00000000c6900000| Untracked 
|1130|0x00000000c6a00000, 0x00000000c6a00000, 0x00000000c6b00000|  0%| F|  |TAMS 0x00000000c6a00000, 0x00000000c6a00000| Untracked 
|1131|0x00000000c6b00000, 0x00000000c6b00000, 0x00000000c6c00000|  0%| F|  |TAMS 0x00000000c6b00000, 0x00000000c6b00000| Untracked 
|1132|0x00000000c6c00000, 0x00000000c6c00000, 0x00000000c6d00000|  0%| F|  |TAMS 0x00000000c6c00000, 0x00000000c6c00000| Untracked 
|1133|0x00000000c6d00000, 0x00000000c6d00000, 0x00000000c6e00000|  0%| F|  |TAMS 0x00000000c6d00000, 0x00000000c6d00000| Untracked 
|1134|0x00000000c6e00000, 0x00000000c6e00000, 0x00000000c6f00000|  0%| F|  |TAMS 0x00000000c6e00000, 0x00000000c6e00000| Untracked 
|1135|0x00000000c6f00000, 0x00000000c6f00000, 0x00000000c7000000|  0%| F|  |TAMS 0x00000000c6f00000, 0x00000000c6f00000| Untracked 
|1136|0x00000000c7000000, 0x00000000c7000000, 0x00000000c7100000|  0%| F|  |TAMS 0x00000000c7000000, 0x00000000c7000000| Untracked 
|1137|0x00000000c7100000, 0x00000000c7100000, 0x00000000c7200000|  0%| F|  |TAMS 0x00000000c7100000, 0x00000000c7100000| Untracked 
|1138|0x00000000c7200000, 0x00000000c7200000, 0x00000000c7300000|  0%| F|  |TAMS 0x00000000c7200000, 0x00000000c7200000| Untracked 
|1139|0x00000000c7300000, 0x00000000c7300000, 0x00000000c7400000|  0%| F|  |TAMS 0x00000000c7300000, 0x00000000c7300000| Untracked 
|1140|0x00000000c7400000, 0x00000000c7400000, 0x00000000c7500000|  0%| F|  |TAMS 0x00000000c7400000, 0x00000000c7400000| Untracked 
|1141|0x00000000c7500000, 0x00000000c7500000, 0x00000000c7600000|  0%| F|  |TAMS 0x00000000c7500000, 0x00000000c7500000| Untracked 
|1142|0x00000000c7600000, 0x00000000c7600000, 0x00000000c7700000|  0%| F|  |TAMS 0x00000000c7600000, 0x00000000c7600000| Untracked 
|1143|0x00000000c7700000, 0x00000000c7700000, 0x00000000c7800000|  0%| F|  |TAMS 0x00000000c7700000, 0x00000000c7700000| Untracked 
|1144|0x00000000c7800000, 0x00000000c7800000, 0x00000000c7900000|  0%| F|  |TAMS 0x00000000c7800000, 0x00000000c7800000| Untracked 
|1145|0x00000000c7900000, 0x00000000c7900000, 0x00000000c7a00000|  0%| F|  |TAMS 0x00000000c7900000, 0x00000000c7900000| Untracked 
|1146|0x00000000c7a00000, 0x00000000c7a00000, 0x00000000c7b00000|  0%| F|  |TAMS 0x00000000c7a00000, 0x00000000c7a00000| Untracked 
|1147|0x00000000c7b00000, 0x00000000c7b00000, 0x00000000c7c00000|  0%| F|  |TAMS 0x00000000c7b00000, 0x00000000c7b00000| Untracked 
|1148|0x00000000c7c00000, 0x00000000c7c00000, 0x00000000c7d00000|  0%| F|  |TAMS 0x00000000c7c00000, 0x00000000c7c00000| Untracked 
|1149|0x00000000c7d00000, 0x00000000c7d00000, 0x00000000c7e00000|  0%| F|  |TAMS 0x00000000c7d00000, 0x00000000c7d00000| Untracked 
|1150|0x00000000c7e00000, 0x00000000c7e00000, 0x00000000c7f00000|  0%| F|  |TAMS 0x00000000c7e00000, 0x00000000c7e00000| Untracked 
|1151|0x00000000c7f00000, 0x00000000c7f00000, 0x00000000c8000000|  0%| F|  |TAMS 0x00000000c7f00000, 0x00000000c7f00000| Untracked 
|1152|0x00000000c8000000, 0x00000000c8000000, 0x00000000c8100000|  0%| F|  |TAMS 0x00000000c8000000, 0x00000000c8000000| Untracked 
|1153|0x00000000c8100000, 0x00000000c8100000, 0x00000000c8200000|  0%| F|  |TAMS 0x00000000c8100000, 0x00000000c8100000| Untracked 
|1154|0x00000000c8200000, 0x00000000c8200000, 0x00000000c8300000|  0%| F|  |TAMS 0x00000000c8200000, 0x00000000c8200000| Untracked 
|1155|0x00000000c8300000, 0x00000000c8300000, 0x00000000c8400000|  0%| F|  |TAMS 0x00000000c8300000, 0x00000000c8300000| Untracked 
|1156|0x00000000c8400000, 0x00000000c8400000, 0x00000000c8500000|  0%| F|  |TAMS 0x00000000c8400000, 0x00000000c8400000| Untracked 
|1157|0x00000000c8500000, 0x00000000c8500000, 0x00000000c8600000|  0%| F|  |TAMS 0x00000000c8500000, 0x00000000c8500000| Untracked 
|1158|0x00000000c8600000, 0x00000000c8600000, 0x00000000c8700000|  0%| F|  |TAMS 0x00000000c8600000, 0x00000000c8600000| Untracked 
|1159|0x00000000c8700000, 0x00000000c8700000, 0x00000000c8800000|  0%| F|  |TAMS 0x00000000c8700000, 0x00000000c8700000| Untracked 
|1160|0x00000000c8800000, 0x00000000c8800000, 0x00000000c8900000|  0%| F|  |TAMS 0x00000000c8800000, 0x00000000c8800000| Untracked 
|1161|0x00000000c8900000, 0x00000000c8900000, 0x00000000c8a00000|  0%| F|  |TAMS 0x00000000c8900000, 0x00000000c8900000| Untracked 
|1162|0x00000000c8a00000, 0x00000000c8a00000, 0x00000000c8b00000|  0%| F|  |TAMS 0x00000000c8a00000, 0x00000000c8a00000| Untracked 
|1163|0x00000000c8b00000, 0x00000000c8b00000, 0x00000000c8c00000|  0%| F|  |TAMS 0x00000000c8b00000, 0x00000000c8b00000| Untracked 
|1164|0x00000000c8c00000, 0x00000000c8c00000, 0x00000000c8d00000|  0%| F|  |TAMS 0x00000000c8c00000, 0x00000000c8c00000| Untracked 
|1165|0x00000000c8d00000, 0x00000000c8d00000, 0x00000000c8e00000|  0%| F|  |TAMS 0x00000000c8d00000, 0x00000000c8d00000| Untracked 
|1166|0x00000000c8e00000, 0x00000000c8e00000, 0x00000000c8f00000|  0%| F|  |TAMS 0x00000000c8e00000, 0x00000000c8e00000| Untracked 
|1167|0x00000000c8f00000, 0x00000000c8f00000, 0x00000000c9000000|  0%| F|  |TAMS 0x00000000c8f00000, 0x00000000c8f00000| Untracked 
|1168|0x00000000c9000000, 0x00000000c9000000, 0x00000000c9100000|  0%| F|  |TAMS 0x00000000c9000000, 0x00000000c9000000| Untracked 
|1169|0x00000000c9100000, 0x00000000c9100000, 0x00000000c9200000|  0%| F|  |TAMS 0x00000000c9100000, 0x00000000c9100000| Untracked 
|1170|0x00000000c9200000, 0x00000000c9200000, 0x00000000c9300000|  0%| F|  |TAMS 0x00000000c9200000, 0x00000000c9200000| Untracked 
|1171|0x00000000c9300000, 0x00000000c9300000, 0x00000000c9400000|  0%| F|  |TAMS 0x00000000c9300000, 0x00000000c9300000| Untracked 
|1172|0x00000000c9400000, 0x00000000c9400000, 0x00000000c9500000|  0%| F|  |TAMS 0x00000000c9400000, 0x00000000c9400000| Untracked 
|1173|0x00000000c9500000, 0x00000000c9500000, 0x00000000c9600000|  0%| F|  |TAMS 0x00000000c9500000, 0x00000000c9500000| Untracked 
|1174|0x00000000c9600000, 0x00000000c9600000, 0x00000000c9700000|  0%| F|  |TAMS 0x00000000c9600000, 0x00000000c9600000| Untracked 
|1175|0x00000000c9700000, 0x00000000c9700000, 0x00000000c9800000|  0%| F|  |TAMS 0x00000000c9700000, 0x00000000c9700000| Untracked 
|1176|0x00000000c9800000, 0x00000000c9800000, 0x00000000c9900000|  0%| F|  |TAMS 0x00000000c9800000, 0x00000000c9800000| Untracked 
|1177|0x00000000c9900000, 0x00000000c9900000, 0x00000000c9a00000|  0%| F|  |TAMS 0x00000000c9900000, 0x00000000c9900000| Untracked 
|1178|0x00000000c9a00000, 0x00000000c9a00000, 0x00000000c9b00000|  0%| F|  |TAMS 0x00000000c9a00000, 0x00000000c9a00000| Untracked 
|1179|0x00000000c9b00000, 0x00000000c9b00000, 0x00000000c9c00000|  0%| F|  |TAMS 0x00000000c9b00000, 0x00000000c9b00000| Untracked 
|1180|0x00000000c9c00000, 0x00000000c9c00000, 0x00000000c9d00000|  0%| F|  |TAMS 0x00000000c9c00000, 0x00000000c9c00000| Untracked 
|1181|0x00000000c9d00000, 0x00000000c9d00000, 0x00000000c9e00000|  0%| F|  |TAMS 0x00000000c9d00000, 0x00000000c9d00000| Untracked 
|1182|0x00000000c9e00000, 0x00000000c9e00000, 0x00000000c9f00000|  0%| F|  |TAMS 0x00000000c9e00000, 0x00000000c9e00000| Untracked 
|1183|0x00000000c9f00000, 0x00000000c9f00000, 0x00000000ca000000|  0%| F|  |TAMS 0x00000000c9f00000, 0x00000000c9f00000| Untracked 
|1184|0x00000000ca000000, 0x00000000ca000000, 0x00000000ca100000|  0%| F|  |TAMS 0x00000000ca000000, 0x00000000ca000000| Untracked 
|1185|0x00000000ca100000, 0x00000000ca100000, 0x00000000ca200000|  0%| F|  |TAMS 0x00000000ca100000, 0x00000000ca100000| Untracked 
|1186|0x00000000ca200000, 0x00000000ca200000, 0x00000000ca300000|  0%| F|  |TAMS 0x00000000ca200000, 0x00000000ca200000| Untracked 
|1187|0x00000000ca300000, 0x00000000ca300000, 0x00000000ca400000|  0%| F|  |TAMS 0x00000000ca300000, 0x00000000ca300000| Untracked 
|1188|0x00000000ca400000, 0x00000000ca400000, 0x00000000ca500000|  0%| F|  |TAMS 0x00000000ca400000, 0x00000000ca400000| Untracked 
|1189|0x00000000ca500000, 0x00000000ca500000, 0x00000000ca600000|  0%| F|  |TAMS 0x00000000ca500000, 0x00000000ca500000| Untracked 
|1190|0x00000000ca600000, 0x00000000ca600000, 0x00000000ca700000|  0%| F|  |TAMS 0x00000000ca600000, 0x00000000ca600000| Untracked 
|1191|0x00000000ca700000, 0x00000000ca700000, 0x00000000ca800000|  0%| F|  |TAMS 0x00000000ca700000, 0x00000000ca700000| Untracked 
|1192|0x00000000ca800000, 0x00000000ca800000, 0x00000000ca900000|  0%| F|  |TAMS 0x00000000ca800000, 0x00000000ca800000| Untracked 
|1193|0x00000000ca900000, 0x00000000ca900000, 0x00000000caa00000|  0%| F|  |TAMS 0x00000000ca900000, 0x00000000ca900000| Untracked 
|1194|0x00000000caa00000, 0x00000000caa00000, 0x00000000cab00000|  0%| F|  |TAMS 0x00000000caa00000, 0x00000000caa00000| Untracked 
|1195|0x00000000cab00000, 0x00000000cab00000, 0x00000000cac00000|  0%| F|  |TAMS 0x00000000cab00000, 0x00000000cab00000| Untracked 
|1196|0x00000000cac00000, 0x00000000cac00000, 0x00000000cad00000|  0%| F|  |TAMS 0x00000000cac00000, 0x00000000cac00000| Untracked 
|1197|0x00000000cad00000, 0x00000000cad00000, 0x00000000cae00000|  0%| F|  |TAMS 0x00000000cad00000, 0x00000000cad00000| Untracked 
|1198|0x00000000cae00000, 0x00000000cae00000, 0x00000000caf00000|  0%| F|  |TAMS 0x00000000cae00000, 0x00000000cae00000| Untracked 
|1199|0x00000000caf00000, 0x00000000caf00000, 0x00000000cb000000|  0%| F|  |TAMS 0x00000000caf00000, 0x00000000caf00000| Untracked 
|1200|0x00000000cb000000, 0x00000000cb000000, 0x00000000cb100000|  0%| F|  |TAMS 0x00000000cb000000, 0x00000000cb000000| Untracked 
|1201|0x00000000cb100000, 0x00000000cb100000, 0x00000000cb200000|  0%| F|  |TAMS 0x00000000cb100000, 0x00000000cb100000| Untracked 
|1202|0x00000000cb200000, 0x00000000cb200000, 0x00000000cb300000|  0%| F|  |TAMS 0x00000000cb200000, 0x00000000cb200000| Untracked 
|1203|0x00000000cb300000, 0x00000000cb300000, 0x00000000cb400000|  0%| F|  |TAMS 0x00000000cb300000, 0x00000000cb300000| Untracked 
|1204|0x00000000cb400000, 0x00000000cb400000, 0x00000000cb500000|  0%| F|  |TAMS 0x00000000cb400000, 0x00000000cb400000| Untracked 
|1205|0x00000000cb500000, 0x00000000cb500000, 0x00000000cb600000|  0%| F|  |TAMS 0x00000000cb500000, 0x00000000cb500000| Untracked 
|1206|0x00000000cb600000, 0x00000000cb600000, 0x00000000cb700000|  0%| F|  |TAMS 0x00000000cb600000, 0x00000000cb600000| Untracked 
|1207|0x00000000cb700000, 0x00000000cb700000, 0x00000000cb800000|  0%| F|  |TAMS 0x00000000cb700000, 0x00000000cb700000| Untracked 
|1208|0x00000000cb800000, 0x00000000cb800000, 0x00000000cb900000|  0%| F|  |TAMS 0x00000000cb800000, 0x00000000cb800000| Untracked 
|1209|0x00000000cb900000, 0x00000000cb900000, 0x00000000cba00000|  0%| F|  |TAMS 0x00000000cb900000, 0x00000000cb900000| Untracked 
|1210|0x00000000cba00000, 0x00000000cba00000, 0x00000000cbb00000|  0%| F|  |TAMS 0x00000000cba00000, 0x00000000cba00000| Untracked 
|1211|0x00000000cbb00000, 0x00000000cbb00000, 0x00000000cbc00000|  0%| F|  |TAMS 0x00000000cbb00000, 0x00000000cbb00000| Untracked 
|1212|0x00000000cbc00000, 0x00000000cbc00000, 0x00000000cbd00000|  0%| F|  |TAMS 0x00000000cbc00000, 0x00000000cbc00000| Untracked 
|1213|0x00000000cbd00000, 0x00000000cbd00000, 0x00000000cbe00000|  0%| F|  |TAMS 0x00000000cbd00000, 0x00000000cbd00000| Untracked 
|1214|0x00000000cbe00000, 0x00000000cbe00000, 0x00000000cbf00000|  0%| F|  |TAMS 0x00000000cbe00000, 0x00000000cbe00000| Untracked 
|1215|0x00000000cbf00000, 0x00000000cbf00000, 0x00000000cc000000|  0%| F|  |TAMS 0x00000000cbf00000, 0x00000000cbf00000| Untracked 
|1216|0x00000000cc000000, 0x00000000cc000000, 0x00000000cc100000|  0%| F|  |TAMS 0x00000000cc000000, 0x00000000cc000000| Untracked 
|1217|0x00000000cc100000, 0x00000000cc100000, 0x00000000cc200000|  0%| F|  |TAMS 0x00000000cc100000, 0x00000000cc100000| Untracked 
|1218|0x00000000cc200000, 0x00000000cc200000, 0x00000000cc300000|  0%| F|  |TAMS 0x00000000cc200000, 0x00000000cc200000| Untracked 
|1219|0x00000000cc300000, 0x00000000cc300000, 0x00000000cc400000|  0%| F|  |TAMS 0x00000000cc300000, 0x00000000cc300000| Untracked 
|1220|0x00000000cc400000, 0x00000000cc400000, 0x00000000cc500000|  0%| F|  |TAMS 0x00000000cc400000, 0x00000000cc400000| Untracked 
|1221|0x00000000cc500000, 0x00000000cc500000, 0x00000000cc600000|  0%| F|  |TAMS 0x00000000cc500000, 0x00000000cc500000| Untracked 
|1222|0x00000000cc600000, 0x00000000cc600000, 0x00000000cc700000|  0%| F|  |TAMS 0x00000000cc600000, 0x00000000cc600000| Untracked 
|1223|0x00000000cc700000, 0x00000000cc700000, 0x00000000cc800000|  0%| F|  |TAMS 0x00000000cc700000, 0x00000000cc700000| Untracked 
|1224|0x00000000cc800000, 0x00000000cc800000, 0x00000000cc900000|  0%| F|  |TAMS 0x00000000cc800000, 0x00000000cc800000| Untracked 
|1225|0x00000000cc900000, 0x00000000cc900000, 0x00000000cca00000|  0%| F|  |TAMS 0x00000000cc900000, 0x00000000cc900000| Untracked 
|1226|0x00000000cca00000, 0x00000000cca00000, 0x00000000ccb00000|  0%| F|  |TAMS 0x00000000cca00000, 0x00000000cca00000| Untracked 
|1227|0x00000000ccb00000, 0x00000000ccb00000, 0x00000000ccc00000|  0%| F|  |TAMS 0x00000000ccb00000, 0x00000000ccb00000| Untracked 
|1228|0x00000000ccc00000, 0x00000000ccc00000, 0x00000000ccd00000|  0%| F|  |TAMS 0x00000000ccc00000, 0x00000000ccc00000| Untracked 
|1229|0x00000000ccd00000, 0x00000000ccd00000, 0x00000000cce00000|  0%| F|  |TAMS 0x00000000ccd00000, 0x00000000ccd00000| Untracked 
|1230|0x00000000cce00000, 0x00000000cce00000, 0x00000000ccf00000|  0%| F|  |TAMS 0x00000000cce00000, 0x00000000cce00000| Untracked 
|1231|0x00000000ccf00000, 0x00000000ccf00000, 0x00000000cd000000|  0%| F|  |TAMS 0x00000000ccf00000, 0x00000000ccf00000| Untracked 
|1232|0x00000000cd000000, 0x00000000cd000000, 0x00000000cd100000|  0%| F|  |TAMS 0x00000000cd000000, 0x00000000cd000000| Untracked 
|1233|0x00000000cd100000, 0x00000000cd100000, 0x00000000cd200000|  0%| F|  |TAMS 0x00000000cd100000, 0x00000000cd100000| Untracked 
|1234|0x00000000cd200000, 0x00000000cd200000, 0x00000000cd300000|  0%| F|  |TAMS 0x00000000cd200000, 0x00000000cd200000| Untracked 
|1235|0x00000000cd300000, 0x00000000cd300000, 0x00000000cd400000|  0%| F|  |TAMS 0x00000000cd300000, 0x00000000cd300000| Untracked 
|1236|0x00000000cd400000, 0x00000000cd400000, 0x00000000cd500000|  0%| F|  |TAMS 0x00000000cd400000, 0x00000000cd400000| Untracked 
|1237|0x00000000cd500000, 0x00000000cd500000, 0x00000000cd600000|  0%| F|  |TAMS 0x00000000cd500000, 0x00000000cd500000| Untracked 
|1238|0x00000000cd600000, 0x00000000cd600000, 0x00000000cd700000|  0%| F|  |TAMS 0x00000000cd600000, 0x00000000cd600000| Untracked 
|1239|0x00000000cd700000, 0x00000000cd700000, 0x00000000cd800000|  0%| F|  |TAMS 0x00000000cd700000, 0x00000000cd700000| Untracked 
|1240|0x00000000cd800000, 0x00000000cd800000, 0x00000000cd900000|  0%| F|  |TAMS 0x00000000cd800000, 0x00000000cd800000| Untracked 
|1241|0x00000000cd900000, 0x00000000cd900000, 0x00000000cda00000|  0%| F|  |TAMS 0x00000000cd900000, 0x00000000cd900000| Untracked 
|1242|0x00000000cda00000, 0x00000000cda00000, 0x00000000cdb00000|  0%| F|  |TAMS 0x00000000cda00000, 0x00000000cda00000| Untracked 
|1243|0x00000000cdb00000, 0x00000000cdb00000, 0x00000000cdc00000|  0%| F|  |TAMS 0x00000000cdb00000, 0x00000000cdb00000| Untracked 
|1244|0x00000000cdc00000, 0x00000000cdc00000, 0x00000000cdd00000|  0%| F|  |TAMS 0x00000000cdc00000, 0x00000000cdc00000| Untracked 
|1245|0x00000000cdd00000, 0x00000000cdd00000, 0x00000000cde00000|  0%| F|  |TAMS 0x00000000cdd00000, 0x00000000cdd00000| Untracked 
|1246|0x00000000cde00000, 0x00000000cde00000, 0x00000000cdf00000|  0%| F|  |TAMS 0x00000000cde00000, 0x00000000cde00000| Untracked 
|1247|0x00000000cdf00000, 0x00000000cdf00000, 0x00000000ce000000|  0%| F|  |TAMS 0x00000000cdf00000, 0x00000000cdf00000| Untracked 
|1248|0x00000000ce000000, 0x00000000ce000000, 0x00000000ce100000|  0%| F|  |TAMS 0x00000000ce000000, 0x00000000ce000000| Untracked 
|1249|0x00000000ce100000, 0x00000000ce100000, 0x00000000ce200000|  0%| F|  |TAMS 0x00000000ce100000, 0x00000000ce100000| Untracked 
|1250|0x00000000ce200000, 0x00000000ce200000, 0x00000000ce300000|  0%| F|  |TAMS 0x00000000ce200000, 0x00000000ce200000| Untracked 
|1251|0x00000000ce300000, 0x00000000ce300000, 0x00000000ce400000|  0%| F|  |TAMS 0x00000000ce300000, 0x00000000ce300000| Untracked 
|1252|0x00000000ce400000, 0x00000000ce400000, 0x00000000ce500000|  0%| F|  |TAMS 0x00000000ce400000, 0x00000000ce400000| Untracked 
|1253|0x00000000ce500000, 0x00000000ce500000, 0x00000000ce600000|  0%| F|  |TAMS 0x00000000ce500000, 0x00000000ce500000| Untracked 
|1254|0x00000000ce600000, 0x00000000ce600000, 0x00000000ce700000|  0%| F|  |TAMS 0x00000000ce600000, 0x00000000ce600000| Untracked 
|1255|0x00000000ce700000, 0x00000000ce700000, 0x00000000ce800000|  0%| F|  |TAMS 0x00000000ce700000, 0x00000000ce700000| Untracked 
|1256|0x00000000ce800000, 0x00000000ce800000, 0x00000000ce900000|  0%| F|  |TAMS 0x00000000ce800000, 0x00000000ce800000| Untracked 
|1257|0x00000000ce900000, 0x00000000ce900000, 0x00000000cea00000|  0%| F|  |TAMS 0x00000000ce900000, 0x00000000ce900000| Untracked 
|1258|0x00000000cea00000, 0x00000000cea00000, 0x00000000ceb00000|  0%| F|  |TAMS 0x00000000cea00000, 0x00000000cea00000| Untracked 
|1259|0x00000000ceb00000, 0x00000000ceb00000, 0x00000000cec00000|  0%| F|  |TAMS 0x00000000ceb00000, 0x00000000ceb00000| Untracked 
|1260|0x00000000cec00000, 0x00000000cec00000, 0x00000000ced00000|  0%| F|  |TAMS 0x00000000cec00000, 0x00000000cec00000| Untracked 
|1261|0x00000000ced00000, 0x00000000ced00000, 0x00000000cee00000|  0%| F|  |TAMS 0x00000000ced00000, 0x00000000ced00000| Untracked 
|1262|0x00000000cee00000, 0x00000000cee00000, 0x00000000cef00000|  0%| F|  |TAMS 0x00000000cee00000, 0x00000000cee00000| Untracked 
|1263|0x00000000cef00000, 0x00000000cef00000, 0x00000000cf000000|  0%| F|  |TAMS 0x00000000cef00000, 0x00000000cef00000| Untracked 
|1264|0x00000000cf000000, 0x00000000cf000000, 0x00000000cf100000|  0%| F|  |TAMS 0x00000000cf000000, 0x00000000cf000000| Untracked 
|1265|0x00000000cf100000, 0x00000000cf1a8c48, 0x00000000cf200000| 65%| S|CS|TAMS 0x00000000cf100000, 0x00000000cf100000| Complete 
|1266|0x00000000cf200000, 0x00000000cf300000, 0x00000000cf300000|100%| S|CS|TAMS 0x00000000cf200000, 0x00000000cf200000| Complete 
|1267|0x00000000cf300000, 0x00000000cf400000, 0x00000000cf400000|100%| S|CS|TAMS 0x00000000cf300000, 0x00000000cf300000| Complete 
|1268|0x00000000cf400000, 0x00000000cf500000, 0x00000000cf500000|100%| S|CS|TAMS 0x00000000cf400000, 0x00000000cf400000| Complete 
|1269|0x00000000cf500000, 0x00000000cf600000, 0x00000000cf600000|100%| S|CS|TAMS 0x00000000cf500000, 0x00000000cf500000| Complete 
|1270|0x00000000cf600000, 0x00000000cf700000, 0x00000000cf700000|100%| S|CS|TAMS 0x00000000cf600000, 0x00000000cf600000| Complete 
|1271|0x00000000cf700000, 0x00000000cf800000, 0x00000000cf800000|100%| S|CS|TAMS 0x00000000cf700000, 0x00000000cf700000| Complete 
|1272|0x00000000cf800000, 0x00000000cf900000, 0x00000000cf900000|100%| S|CS|TAMS 0x00000000cf800000, 0x00000000cf800000| Complete 
|1273|0x00000000cf900000, 0x00000000cf900000, 0x00000000cfa00000|  0%| F|  |TAMS 0x00000000cf900000, 0x00000000cf900000| Untracked 
|1274|0x00000000cfa00000, 0x00000000cfa00000, 0x00000000cfb00000|  0%| F|  |TAMS 0x00000000cfa00000, 0x00000000cfa00000| Untracked 
|1275|0x00000000cfb00000, 0x00000000cfb00000, 0x00000000cfc00000|  0%| F|  |TAMS 0x00000000cfb00000, 0x00000000cfb00000| Untracked 
|1276|0x00000000cfc00000, 0x00000000cfc00000, 0x00000000cfd00000|  0%| F|  |TAMS 0x00000000cfc00000, 0x00000000cfc00000| Untracked 
|1277|0x00000000cfd00000, 0x00000000cfd00000, 0x00000000cfe00000|  0%| F|  |TAMS 0x00000000cfd00000, 0x00000000cfd00000| Untracked 
|1278|0x00000000cfe00000, 0x00000000cfe00000, 0x00000000cff00000|  0%| F|  |TAMS 0x00000000cfe00000, 0x00000000cfe00000| Untracked 
|1279|0x00000000cff00000, 0x00000000cff00000, 0x00000000d0000000|  0%| F|  |TAMS 0x00000000cff00000, 0x00000000cff00000| Untracked 
|1280|0x00000000d0000000, 0x00000000d0000000, 0x00000000d0100000|  0%| F|  |TAMS 0x00000000d0000000, 0x00000000d0000000| Untracked 
|1281|0x00000000d0100000, 0x00000000d0100000, 0x00000000d0200000|  0%| F|  |TAMS 0x00000000d0100000, 0x00000000d0100000| Untracked 
|1287|0x00000000d0700000, 0x00000000d0700000, 0x00000000d0800000|  0%| F|  |TAMS 0x00000000d0700000, 0x00000000d0700000| Untracked 
|1288|0x00000000d0800000, 0x00000000d0800000, 0x00000000d0900000|  0%| F|  |TAMS 0x00000000d0800000, 0x00000000d0800000| Untracked 
|1289|0x00000000d0900000, 0x00000000d0900000, 0x00000000d0a00000|  0%| F|  |TAMS 0x00000000d0900000, 0x00000000d0900000| Untracked 
|1290|0x00000000d0a00000, 0x00000000d0a00000, 0x00000000d0b00000|  0%| F|  |TAMS 0x00000000d0a00000, 0x00000000d0a00000| Untracked 
|1291|0x00000000d0b00000, 0x00000000d0b00000, 0x00000000d0c00000|  0%| F|  |TAMS 0x00000000d0b00000, 0x00000000d0b00000| Untracked 
|1292|0x00000000d0c00000, 0x00000000d0c78300, 0x00000000d0d00000| 46%| E|  |TAMS 0x00000000d0c00000, 0x00000000d0c00000| Complete 
|1293|0x00000000d0d00000, 0x00000000d0e00000, 0x00000000d0e00000|100%| E|CS|TAMS 0x00000000d0d00000, 0x00000000d0d00000| Complete 
|1294|0x00000000d0e00000, 0x00000000d0f00000, 0x00000000d0f00000|100%| E|CS|TAMS 0x00000000d0e00000, 0x00000000d0e00000| Complete 
|1342|0x00000000d3e00000, 0x00000000d3f00000, 0x00000000d3f00000|100%| E|  |TAMS 0x00000000d3e00000, 0x00000000d3e00000| Complete 
|1343|0x00000000d3f00000, 0x00000000d4000000, 0x00000000d4000000|100%| E|CS|TAMS 0x00000000d3f00000, 0x00000000d3f00000| Complete 
|1344|0x00000000d4000000, 0x00000000d4100000, 0x00000000d4100000|100%| E|CS|TAMS 0x00000000d4000000, 0x00000000d4000000| Complete 
|1345|0x00000000d4100000, 0x00000000d4200000, 0x00000000d4200000|100%| E|CS|TAMS 0x00000000d4100000, 0x00000000d4100000| Complete 
|1346|0x00000000d4200000, 0x00000000d4300000, 0x00000000d4300000|100%| E|CS|TAMS 0x00000000d4200000, 0x00000000d4200000| Complete 
|1347|0x00000000d4300000, 0x00000000d4400000, 0x00000000d4400000|100%| E|CS|TAMS 0x00000000d4300000, 0x00000000d4300000| Complete 
|1348|0x00000000d4400000, 0x00000000d4500000, 0x00000000d4500000|100%| E|CS|TAMS 0x00000000d4400000, 0x00000000d4400000| Complete 
|1349|0x00000000d4500000, 0x00000000d4600000, 0x00000000d4600000|100%| E|CS|TAMS 0x00000000d4500000, 0x00000000d4500000| Complete 
|1350|0x00000000d4600000, 0x00000000d4700000, 0x00000000d4700000|100%| E|CS|TAMS 0x00000000d4600000, 0x00000000d4600000| Complete 
|1351|0x00000000d4700000, 0x00000000d4800000, 0x00000000d4800000|100%| E|CS|TAMS 0x00000000d4700000, 0x00000000d4700000| Complete 
|1352|0x00000000d4800000, 0x00000000d4900000, 0x00000000d4900000|100%| E|CS|TAMS 0x00000000d4800000, 0x00000000d4800000| Complete 
|1353|0x00000000d4900000, 0x00000000d4a00000, 0x00000000d4a00000|100%| E|CS|TAMS 0x00000000d4900000, 0x00000000d4900000| Complete 
|1354|0x00000000d4a00000, 0x00000000d4b00000, 0x00000000d4b00000|100%| E|CS|TAMS 0x00000000d4a00000, 0x00000000d4a00000| Complete 
|1355|0x00000000d4b00000, 0x00000000d4c00000, 0x00000000d4c00000|100%| E|CS|TAMS 0x00000000d4b00000, 0x00000000d4b00000| Complete 
|1356|0x00000000d4c00000, 0x00000000d4d00000, 0x00000000d4d00000|100%| E|CS|TAMS 0x00000000d4c00000, 0x00000000d4c00000| Complete 
|1357|0x00000000d4d00000, 0x00000000d4e00000, 0x00000000d4e00000|100%| E|CS|TAMS 0x00000000d4d00000, 0x00000000d4d00000| Complete 
|1358|0x00000000d4e00000, 0x00000000d4f00000, 0x00000000d4f00000|100%| E|CS|TAMS 0x00000000d4e00000, 0x00000000d4e00000| Complete 
|1359|0x00000000d4f00000, 0x00000000d5000000, 0x00000000d5000000|100%| E|CS|TAMS 0x00000000d4f00000, 0x00000000d4f00000| Complete 
|1360|0x00000000d5000000, 0x00000000d5100000, 0x00000000d5100000|100%| E|CS|TAMS 0x00000000d5000000, 0x00000000d5000000| Complete 
|1361|0x00000000d5100000, 0x00000000d5200000, 0x00000000d5200000|100%| E|CS|TAMS 0x00000000d5100000, 0x00000000d5100000| Complete 
|1362|0x00000000d5200000, 0x00000000d5300000, 0x00000000d5300000|100%| E|CS|TAMS 0x00000000d5200000, 0x00000000d5200000| Complete 
|1363|0x00000000d5300000, 0x00000000d5400000, 0x00000000d5400000|100%| E|CS|TAMS 0x00000000d5300000, 0x00000000d5300000| Complete 
|1364|0x00000000d5400000, 0x00000000d5500000, 0x00000000d5500000|100%| E|CS|TAMS 0x00000000d5400000, 0x00000000d5400000| Complete 
|1365|0x00000000d5500000, 0x00000000d5600000, 0x00000000d5600000|100%| E|CS|TAMS 0x00000000d5500000, 0x00000000d5500000| Complete 
|1366|0x00000000d5600000, 0x00000000d5700000, 0x00000000d5700000|100%| E|CS|TAMS 0x00000000d5600000, 0x00000000d5600000| Complete 
|1367|0x00000000d5700000, 0x00000000d5800000, 0x00000000d5800000|100%| E|CS|TAMS 0x00000000d5700000, 0x00000000d5700000| Complete 
|1368|0x00000000d5800000, 0x00000000d5900000, 0x00000000d5900000|100%| E|CS|TAMS 0x00000000d5800000, 0x00000000d5800000| Complete 
|1369|0x00000000d5900000, 0x00000000d5a00000, 0x00000000d5a00000|100%| E|CS|TAMS 0x00000000d5900000, 0x00000000d5900000| Complete 
|1370|0x00000000d5a00000, 0x00000000d5b00000, 0x00000000d5b00000|100%| E|CS|TAMS 0x00000000d5a00000, 0x00000000d5a00000| Complete 
|1371|0x00000000d5b00000, 0x00000000d5c00000, 0x00000000d5c00000|100%| E|CS|TAMS 0x00000000d5b00000, 0x00000000d5b00000| Complete 
|1372|0x00000000d5c00000, 0x00000000d5d00000, 0x00000000d5d00000|100%| E|CS|TAMS 0x00000000d5c00000, 0x00000000d5c00000| Complete 
|1373|0x00000000d5d00000, 0x00000000d5e00000, 0x00000000d5e00000|100%| E|CS|TAMS 0x00000000d5d00000, 0x00000000d5d00000| Complete 
|1374|0x00000000d5e00000, 0x00000000d5f00000, 0x00000000d5f00000|100%| E|CS|TAMS 0x00000000d5e00000, 0x00000000d5e00000| Complete 
|1375|0x00000000d5f00000, 0x00000000d6000000, 0x00000000d6000000|100%| E|CS|TAMS 0x00000000d5f00000, 0x00000000d5f00000| Complete 
|1376|0x00000000d6000000, 0x00000000d6100000, 0x00000000d6100000|100%| E|CS|TAMS 0x00000000d6000000, 0x00000000d6000000| Complete 
|1377|0x00000000d6100000, 0x00000000d6200000, 0x00000000d6200000|100%| E|CS|TAMS 0x00000000d6100000, 0x00000000d6100000| Complete 
|1378|0x00000000d6200000, 0x00000000d6300000, 0x00000000d6300000|100%| E|CS|TAMS 0x00000000d6200000, 0x00000000d6200000| Complete 
|1466|0x00000000dba00000, 0x00000000dbb00000, 0x00000000dbb00000|100%| E|CS|TAMS 0x00000000dba00000, 0x00000000dba00000| Complete 
|1467|0x00000000dbb00000, 0x00000000dbc00000, 0x00000000dbc00000|100%| E|CS|TAMS 0x00000000dbb00000, 0x00000000dbb00000| Complete 
|1468|0x00000000dbc00000, 0x00000000dbd00000, 0x00000000dbd00000|100%| E|CS|TAMS 0x00000000dbc00000, 0x00000000dbc00000| Complete 

Card table byte_map: [0x000002a87aa00000,0x000002a87ae00000] _byte_map_base: 0x000002a87a600000

Marking Bits (Prev, Next): (CMBitMap*) 0x000002a8727f3200, (CMBitMap*) 0x000002a8727f31c0
 Prev Bits: [0x000002a87d200000, 0x000002a87f200000)
 Next Bits: [0x000002a87b200000, 0x000002a87d200000)

Polling page: 0x000002a870790000

Metaspace:

Usage:
  Non-class:    213.49 MB used.
      Class:     32.71 MB used.
       Both:    246.19 MB used.

Virtual space:
  Non-class space:      256.00 MB reserved,     215.69 MB ( 84%) committed,  4 nodes.
      Class space:      416.00 MB reserved,      34.44 MB (  8%) committed,  1 nodes.
             Both:      672.00 MB reserved,     250.12 MB ( 37%) committed. 

Chunk freelists:
   Non-Class:  9.01 MB
       Class:  14.02 MB
        Both:  23.03 MB

MaxMetaspaceSize: 512.00 MB
CompressedClassSpaceSize: 416.00 MB
Initial GC threshold: 21.00 MB
Current GC threshold: 416.88 MB
CDS: on
MetaspaceReclaimPolicy: balanced
 - commit_granule_bytes: 65536.
 - commit_granule_words: 8192.
 - virtual_space_node_default_size: 8388608.
 - enlarge_chunks_in_place: 1.
 - new_chunks_are_fully_committed: 0.
 - uncommit_free_chunks: 1.
 - use_allocation_guard: 0.
 - handle_deallocations: 1.


Internal statistics:

num_allocs_failed_limit: 15.
num_arena_births: 7362.
num_arena_deaths: 3104.
num_vsnodes_births: 5.
num_vsnodes_deaths: 0.
num_space_committed: 4168.
num_space_uncommitted: 170.
num_chunks_returned_to_freelist: 4766.
num_chunks_taken_from_freelist: 21442.
num_chunk_merges: 1456.
num_chunk_splits: 12329.
num_chunks_enlarged: 7126.
num_inconsistent_stats: 0.

CodeHeap 'non-profiled nmethods': size=120000Kb used=59721Kb max_used=59721Kb free=60278Kb
 bounds [0x000002a807ad0000, 0x000002a80b530000, 0x000002a80f000000]
CodeHeap 'profiled nmethods': size=120000Kb used=92549Kb max_used=95876Kb free=27450Kb
 bounds [0x000002a800000000, 0x000002a805ec0000, 0x000002a807530000]
CodeHeap 'non-nmethods': size=5760Kb used=2600Kb max_used=2690Kb free=3159Kb
 bounds [0x000002a807530000, 0x000002a8077e0000, 0x000002a807ad0000]
 total_blobs=48613 nmethods=47457 adapters=1064
 compilation: enabled
              stopped_count=0, restarted_count=0
 full_count=0

Compilation events (20 events):
Event: 16820.969 Thread 0x000002a82c03e4f0 nmethod 67147 0x000002a805773810 code [0x000002a805773a40, 0x000002a8057744a8]
Event: 16820.971 Thread 0x000002a82c02b260 67148   !   4       org.gradle.execution.plan.DefaultPlanExecutor$ExecutorWorker::getNextItem (63 bytes)
Event: 16820.973 Thread 0x000002a82c02b260 nmethod 67148 0x000002a80b520910 code [0x000002a80b520ac0, 0x000002a80b520d68]
Event: 16820.998 Thread 0x000002a82c02b260 67149       4       org.gradle.internal.collect.PersistentList$Cons::forEach (19 bytes)
Event: 16820.999 Thread 0x000002a82c02b260 nmethod 67149 0x000002a80b521090 code [0x000002a80b521260, 0x000002a80b521578]
Event: 16821.000 Thread 0x000002a82c03e4f0 67150       1       org.gradle.process.internal.DefaultExecSpec::isIgnoreExitValue (5 bytes)
Event: 16821.000 Thread 0x000002a82c03e4f0 nmethod 67150 0x000002a80b521910 code [0x000002a80b521aa0, 0x000002a80b521b78]
Event: 16821.011 Thread 0x000002a82c03e4f0 67151   !   3       org.gradle.internal.concurrent.ExecutorPolicy$CatchAndRecordFailures::onExecute (29 bytes)
Event: 16821.012 Thread 0x000002a82c03e4f0 nmethod 67151 0x000002a8007cf090 code [0x000002a8007cf440, 0x000002a8007d0da8]
Event: 16821.234 Thread 0x000002a82c02b260 67152       4       org.gradle.internal.resources.DefaultResourceLockCoordinationService$ReleaseLocks::transform (42 bytes)
Event: 16821.235 Thread 0x000002a82c02b260 nmethod 67152 0x000002a80b521c10 code [0x000002a80b521dc0, 0x000002a80b521f88]
Event: 16821.235 Thread 0x000002a82c02b260 67153       4       org.gradle.internal.resources.DefaultResourceLockCoordinationService$ReleaseLocks::transform (9 bytes)
Event: 16821.236 Thread 0x000002a82c02b260 nmethod 67153 0x000002a80b522190 code [0x000002a80b522340, 0x000002a80b522548]
Event: 16821.249 Thread 0x000002a82c02b260 67154   !   4       org.gradle.execution.plan.DefaultFinalizedExecutionPlan::recordNodeCompleted (177 bytes)
Event: 16821.267 Thread 0x000002a82c03e4f0 67156       3       org.gradle.api.internal.tasks.properties.DefaultTaskProperties$GetLocalStateVisitor::getFiles (36 bytes)
Event: 16821.267 Thread 0x000002a82c03e4f0 nmethod 67156 0x000002a8050cf110 code [0x000002a8050cf340, 0x000002a8050cf978]
Event: 16821.267 Thread 0x000002a82c03e4f0 67157       3       org.gradle.api.internal.tasks.properties.DefaultTaskProperties$GetDestroyablesVisitor::getFiles (36 bytes)
Event: 16821.268 Thread 0x000002a82c03e4f0 nmethod 67157 0x000002a8052d7710 code [0x000002a8052d7940, 0x000002a8052d7f78]
Event: 16821.268 Thread 0x000002a82c03e4f0 67158       3       org.gradle.api.internal.tasks.properties.DefaultTaskProperties::<init> (56 bytes)
Event: 16821.268 Thread 0x000002a82c03e4f0 nmethod 67158 0x000002a80007cf90 code [0x000002a80007d140, 0x000002a80007d5b8]

GC Heap History (20 events):
Event: 14591.008 GC heap before
{Heap before GC invocations=196 (full 1):
 garbage-first heap   total 1504256K, used 986695K [0x0000000080000000, 0x0000000100000000)
  region size 1024K, 491 young (502784K), 9 survivors (9216K)
 Metaspace       used 252870K, committed 255680K, reserved 688128K
  class space    used 33454K, committed 34816K, reserved 425984K
}
Event: 14591.016 GC heap after
{Heap after GC invocations=197 (full 1):
 garbage-first heap   total 1504256K, used 493457K [0x0000000080000000, 0x0000000100000000)
  region size 1024K, 7 young (7168K), 7 survivors (7168K)
 Metaspace       used 252870K, committed 255680K, reserved 688128K
  class space    used 33454K, committed 34816K, reserved 425984K
}
Event: 14839.309 GC heap before
{Heap before GC invocations=198 (full 1):
 garbage-first heap   total 1406976K, used 1403793K [0x0000000080000000, 0x0000000100000000)
  region size 1024K, 566 young (579584K), 7 survivors (7168K)
 Metaspace       used 256167K, committed 259008K, reserved 688128K
  class space    used 33875K, committed 35264K, reserved 425984K
}
Event: 14839.553 GC heap after
{Heap after GC invocations=199 (full 1):
 garbage-first heap   total 1415168K, used 400026K [0x0000000080000000, 0x0000000100000000)
  region size 1024K, 8 young (8192K), 8 survivors (8192K)
 Metaspace       used 256167K, committed 259008K, reserved 688128K
  class space    used 33875K, committed 35264K, reserved 425984K
}
Event: 15880.963 GC heap before
{Heap before GC invocations=199 (full 1):
 garbage-first heap   total 1415168K, used 461466K [0x0000000080000000, 0x0000000100000000)
  region size 1024K, 69 young (70656K), 8 survivors (8192K)
 Metaspace       used 256817K, committed 259712K, reserved 688128K
  class space    used 33952K, committed 35392K, reserved 425984K
}
Event: 15881.615 GC heap after
{Heap after GC invocations=200 (full 1):
 garbage-first heap   total 1415168K, used 358048K [0x0000000080000000, 0x0000000100000000)
  region size 1024K, 2 young (2048K), 2 survivors (2048K)
 Metaspace       used 256817K, committed 259712K, reserved 688128K
  class space    used 33952K, committed 35392K, reserved 425984K
}
Event: 16769.649 GC heap before
{Heap before GC invocations=200 (full 1):
 garbage-first heap   total 1415168K, used 443040K [0x0000000080000000, 0x0000000100000000)
  region size 1024K, 87 young (89088K), 2 survivors (2048K)
 Metaspace       used 256821K, committed 259712K, reserved 688128K
  class space    used 33953K, committed 35392K, reserved 425984K
}
Event: 16769.853 GC heap after
{Heap after GC invocations=201 (full 1):
 garbage-first heap   total 1415168K, used 364061K [0x0000000080000000, 0x0000000100000000)
  region size 1024K, 8 young (8192K), 8 survivors (8192K)
 Metaspace       used 256821K, committed 259712K, reserved 688128K
  class space    used 33953K, committed 35392K, reserved 425984K
}
Event: 16804.244 GC heap before
{Heap before GC invocations=202 (full 1):
 garbage-first heap   total 1361920K, used 427974K [0x0000000080000000, 0x0000000100000000)
  region size 1024K, 71 young (72704K), 8 survivors (8192K)
 Metaspace       used 251853K, committed 256128K, reserved 688128K
  class space    used 33437K, committed 35264K, reserved 425984K
}
Event: 16804.533 GC heap after
{Heap after GC invocations=203 (full 1):
 garbage-first heap   total 1361920K, used 369947K [0x0000000080000000, 0x0000000100000000)
  region size 1024K, 9 young (9216K), 9 survivors (9216K)
 Metaspace       used 251853K, committed 256128K, reserved 688128K
  class space    used 33437K, committed 35264K, reserved 425984K
}
Event: 16809.661 GC heap before
{Heap before GC invocations=203 (full 1):
 garbage-first heap   total 1361920K, used 428315K [0x0000000080000000, 0x0000000100000000)
  region size 1024K, 66 young (67584K), 9 survivors (9216K)
 Metaspace       used 251887K, committed 256128K, reserved 688128K
  class space    used 33452K, committed 35264K, reserved 425984K
}
Event: 16809.796 GC heap after
{Heap after GC invocations=204 (full 1):
 garbage-first heap   total 1361920K, used 377635K [0x0000000080000000, 0x0000000100000000)
  region size 1024K, 9 young (9216K), 9 survivors (9216K)
 Metaspace       used 251887K, committed 256128K, reserved 688128K
  class space    used 33452K, committed 35264K, reserved 425984K
}
Event: 16818.753 GC heap before
{Heap before GC invocations=204 (full 1):
 garbage-first heap   total 1361920K, used 436003K [0x0000000080000000, 0x0000000100000000)
  region size 1024K, 66 young (67584K), 9 survivors (9216K)
 Metaspace       used 251913K, committed 256128K, reserved 688128K
  class space    used 33460K, committed 35264K, reserved 425984K
}
Event: 16818.792 GC heap after
{Heap after GC invocations=205 (full 1):
 garbage-first heap   total 1361920K, used 385918K [0x0000000080000000, 0x0000000100000000)
  region size 1024K, 9 young (9216K), 9 survivors (9216K)
 Metaspace       used 251913K, committed 256128K, reserved 688128K
  class space    used 33460K, committed 35264K, reserved 425984K
}
Event: 16819.336 GC heap before
{Heap before GC invocations=205 (full 1):
 garbage-first heap   total 1361920K, used 444286K [0x0000000080000000, 0x0000000100000000)
  region size 1024K, 66 young (67584K), 9 survivors (9216K)
 Metaspace       used 251936K, committed 256128K, reserved 688128K
  class space    used 33465K, committed 35264K, reserved 425984K
}
Event: 16819.379 GC heap after
{Heap after GC invocations=206 (full 1):
 garbage-first heap   total 1361920K, used 391338K [0x0000000080000000, 0x0000000100000000)
  region size 1024K, 9 young (9216K), 9 survivors (9216K)
 Metaspace       used 251936K, committed 256128K, reserved 688128K
  class space    used 33465K, committed 35264K, reserved 425984K
}
Event: 16819.851 GC heap before
{Heap before GC invocations=206 (full 1):
 garbage-first heap   total 1361920K, used 449706K [0x0000000080000000, 0x0000000100000000)
  region size 1024K, 66 young (67584K), 9 survivors (9216K)
 Metaspace       used 252013K, committed 256128K, reserved 688128K
  class space    used 33477K, committed 35264K, reserved 425984K
}
Event: 16819.998 GC heap after
{Heap after GC invocations=207 (full 1):
 garbage-first heap   total 1361920K, used 397966K [0x0000000080000000, 0x0000000100000000)
  region size 1024K, 9 young (9216K), 9 survivors (9216K)
 Metaspace       used 252013K, committed 256128K, reserved 688128K
  class space    used 33477K, committed 35264K, reserved 425984K
}
Event: 16820.528 GC heap before
{Heap before GC invocations=207 (full 1):
 garbage-first heap   total 1361920K, used 456334K [0x0000000080000000, 0x0000000100000000)
  region size 1024K, 66 young (67584K), 9 survivors (9216K)
 Metaspace       used 252044K, committed 256128K, reserved 688128K
  class space    used 33482K, committed 35264K, reserved 425984K
}
Event: 16820.742 GC heap after
{Heap after GC invocations=208 (full 1):
 garbage-first heap   total 1361920K, used 401383K [0x0000000080000000, 0x0000000100000000)
  region size 1024K, 8 young (8192K), 8 survivors (8192K)
 Metaspace       used 252044K, committed 256128K, reserved 688128K
  class space    used 33482K, committed 35264K, reserved 425984K
}

Dll operation events (16 events):
Event: 0.006 Loaded shared library C:\Program Files\Microsoft\jdk-17.0.13.11-hotspot\bin\java.dll
Event: 0.017 Loaded shared library C:\Program Files\Microsoft\jdk-17.0.13.11-hotspot\bin\jsvml.dll
Event: 0.046 Loaded shared library C:\Program Files\Microsoft\jdk-17.0.13.11-hotspot\bin\zip.dll
Event: 0.048 Loaded shared library C:\Program Files\Microsoft\jdk-17.0.13.11-hotspot\bin\instrument.dll
Event: 0.050 Loaded shared library C:\Program Files\Microsoft\jdk-17.0.13.11-hotspot\bin\net.dll
Event: 0.051 Loaded shared library C:\Program Files\Microsoft\jdk-17.0.13.11-hotspot\bin\nio.dll
Event: 0.052 Loaded shared library C:\Program Files\Microsoft\jdk-17.0.13.11-hotspot\bin\zip.dll
Event: 0.169 Loaded shared library C:\Program Files\Microsoft\jdk-17.0.13.11-hotspot\bin\jimage.dll
Event: 0.236 Loaded shared library C:\Program Files\Microsoft\jdk-17.0.13.11-hotspot\bin\verify.dll
Event: 0.282 Loaded shared library C:\Users\Websadroit\.gradle\native\1def1411415f61bf3af743bc5b6707747c0891f09f0c88961ee8f79bc544acac\windows-amd64\native-platform.dll
Event: 0.291 Loaded shared library C:\Users\Websadroit\.gradle\native\0.2.7\x86_64-windows-gnu\gradle-fileevents.dll
Event: 0.782 Loaded shared library C:\Program Files\Microsoft\jdk-17.0.13.11-hotspot\bin\management.dll
Event: 0.784 Loaded shared library C:\Program Files\Microsoft\jdk-17.0.13.11-hotspot\bin\management_ext.dll
Event: 0.864 Loaded shared library C:\Program Files\Microsoft\jdk-17.0.13.11-hotspot\bin\extnet.dll
Event: 0.962 Loaded shared library C:\Program Files\Microsoft\jdk-17.0.13.11-hotspot\bin\sunmscapi.dll
Event: 64.206 Loaded shared library C:\Program Files\Microsoft\jdk-17.0.13.11-hotspot\bin\rmi.dll

Deoptimization events (20 events):
Event: 16818.523 Thread 0x000002a83d3737d0 Uncommon trap: trap_request=0xffffffd6 fr.pc=0x000002a80ad18784 relative=0x0000000000001be4
Event: 16818.523 Thread 0x000002a83d3737d0 Uncommon trap: reason=array_check action=maybe_recompile pc=0x000002a80ad18784 method=java.util.ComparableTimSort.mergeHi(IIII)V @ 654 c2
Event: 16818.523 Thread 0x000002a83d3737d0 DEOPT PACKING pc=0x000002a80ad18784 sp=0x000000bd31cf8980
Event: 16818.523 Thread 0x000002a83d3737d0 DEOPT UNPACKING pc=0x000002a8075869a3 sp=0x000000bd31cf8960 mode 2
Event: 16818.880 Thread 0x000002a83d3737d0 DEOPT PACKING pc=0x000002a800a64cdb sp=0x000000bd31cf2c00
Event: 16818.882 Thread 0x000002a83d3737d0 DEOPT UNPACKING pc=0x000002a807587143 sp=0x000000bd31cf2080 mode 0
Event: 16819.578 Thread 0x000002a83d12b780 Uncommon trap: trap_request=0xffffff66 fr.pc=0x000002a80acb5374 relative=0x0000000000000234
Event: 16819.578 Thread 0x000002a83d12b780 Uncommon trap: reason=speculate_class_check action=maybe_recompile pc=0x000002a80acb5374 method=java.lang.invoke.VarHandleGuards.guard_LIL_L(Ljava/lang/invoke/VarHandle;Ljava/lang/Object;ILjava/lang/Object;Ljava/lang/invoke/VarHandle$AccessDescriptor;)Lja
Event: 16819.578 Thread 0x000002a83d12b780 DEOPT PACKING pc=0x000002a80acb5374 sp=0x000000bd347ff000
Event: 16819.578 Thread 0x000002a83d12b780 DEOPT UNPACKING pc=0x000002a8075869a3 sp=0x000000bd347feeb8 mode 2
Event: 16819.578 Thread 0x000002a847f22710 Uncommon trap: trap_request=0xffffff66 fr.pc=0x000002a80acb5374 relative=0x0000000000000234
Event: 16819.578 Thread 0x000002a847f22710 Uncommon trap: reason=speculate_class_check action=maybe_recompile pc=0x000002a80acb5374 method=java.lang.invoke.VarHandleGuards.guard_LIL_L(Ljava/lang/invoke/VarHandle;Ljava/lang/Object;ILjava/lang/Object;Ljava/lang/invoke/VarHandle$AccessDescriptor;)Lja
Event: 16819.578 Thread 0x000002a847f22710 DEOPT PACKING pc=0x000002a80acb5374 sp=0x000000bd345fef60
Event: 16819.578 Thread 0x000002a847f22710 DEOPT UNPACKING pc=0x000002a8075869a3 sp=0x000000bd345fee18 mode 2
Event: 16820.120 Thread 0x000002a83d3737d0 DEOPT PACKING pc=0x000002a801f35535 sp=0x000000bd31cf9d00
Event: 16820.121 Thread 0x000002a83d3737d0 DEOPT UNPACKING pc=0x000002a807587143 sp=0x000000bd31cf9220 mode 0
Event: 16820.949 Thread 0x000002a83dfaa600 Uncommon trap: trap_request=0x00000046 fr.pc=0x000002a807fec36c relative=0x000000000000006c
Event: 16820.949 Thread 0x000002a83dfaa600 Uncommon trap: reason=unloaded action=reinterpret pc=0x000002a807fec36c method=org.gradle.internal.concurrent.ExecutorPolicy$CatchAndRecordFailures.onExecute(Ljava/lang/Runnable;)V @ 21 c2
Event: 16820.949 Thread 0x000002a83dfaa600 DEOPT PACKING pc=0x000002a807fec36c sp=0x000000bd321fefc0
Event: 16820.949 Thread 0x000002a83dfaa600 DEOPT UNPACKING pc=0x000002a8075869a3 sp=0x000000bd321fef38 mode 2

Classes loaded (20 events):
Event: 395.717 Loading class java/lang/StackStreamFactory$1
Event: 395.717 Loading class java/lang/StackStreamFactory$1 done
Event: 395.717 Loading class java/lang/StackStreamFactory$StackFrameTraverser$StackFrameBuffer
Event: 395.717 Loading class java/lang/StackStreamFactory$FrameBuffer
Event: 395.717 Loading class java/lang/StackStreamFactory$FrameBuffer done
Event: 395.717 Loading class java/lang/StackStreamFactory$StackFrameTraverser$StackFrameBuffer done
Event: 395.718 Loading class java/util/logging/LogRecord
Event: 395.718 Loading class java/util/logging/LogRecord done
Event: 3991.934 Loading class sun/rmi/transport/ObjectTable$1
Event: 3991.948 Loading class sun/rmi/transport/ObjectTable$1 done
Event: 14320.267 Loading class java/lang/Throwable$WrappedPrintWriter
Event: 14320.268 Loading class java/lang/Throwable$PrintStreamOrWriter
Event: 14320.268 Loading class java/lang/Throwable$PrintStreamOrWriter done
Event: 14320.268 Loading class java/lang/Throwable$WrappedPrintWriter done
Event: 14320.384 Loading class java/util/Collections$EmptyListIterator
Event: 14320.385 Loading class java/util/Collections$EmptyListIterator done
Event: 14320.406 Loading class java/net/UrlDeserializedState
Event: 14320.406 Loading class java/net/UrlDeserializedState done
Event: 14386.287 Loading class java/beans/ParameterDescriptor
Event: 14386.287 Loading class java/beans/ParameterDescriptor done

Classes unloaded (20 events):
Event: 16779.148 Thread 0x000002a82c0099c0 Unloading class 0x000002a813088800 'org/gradle/api/internal/provider/DefaultProviderFactory_Decorated$exec'
Event: 16779.149 Thread 0x000002a82c0099c0 Unloading class 0x000002a8133a9000 'java_lang_Boolean$toString'
Event: 16779.150 Thread 0x000002a82c0099c0 Unloading class 0x000002a813821458 'java_nio_file_Path$getParent$2'
Event: 16779.150 Thread 0x000002a82c0099c0 Unloading class 0x000002a813821000 'java_nio_file_Path$toFile$1'
Event: 16779.150 Thread 0x000002a82c0099c0 Unloading class 0x000002a813438800 'java_nio_file_Path$toString$0'
Event: 16779.150 Thread 0x000002a82c0099c0 Unloading class 0x000002a813439000 'java_nio_file_Path$normalize'
Event: 16779.151 Thread 0x000002a82c0099c0 Unloading class 0x000002a81318c800 'java_io_File$toString$0'
Event: 16779.151 Thread 0x000002a82c0099c0 Unloading class 0x000002a81348c000 'java_io_File$toPath'
Event: 16779.152 Thread 0x000002a82c0099c0 Unloading class 0x000002a813892000 'org/slf4j/Logger$info'
Event: 16779.152 Thread 0x000002a82c0099c0 Unloading class 0x000002a8134b4800 'jdk/internal/reflect/GeneratedMethodAccessor667'
Event: 16779.156 Thread 0x000002a82c0099c0 Unloading class 0x000002a8133a8000 'java_lang_String$split$1'
Event: 16779.156 Thread 0x000002a82c0099c0 Unloading class 0x000002a812fa4000 'java_lang_String$trim$0'
Event: 16779.156 Thread 0x000002a82c0099c0 Unloading class 0x000002a8138ad000 'java_lang_String$startsWith'
Event: 16779.157 Thread 0x000002a82c0099c0 Unloading class 0x000002a8138ac800 'org/gradle/api/plugins/ExtraPropertiesExtension$get$0'
Event: 16779.158 Thread 0x000002a82c0099c0 Unloading class 0x000002a8138bc000 'org/gradle/api/plugins/ExtraPropertiesExtension$has'
Event: 16779.158 Thread 0x000002a82c0099c0 Unloading class 0x000002a813822910 'config_cfd8i078zf0mg1jhbpfn3s9b3$getFlagOrDefault$3'
Event: 16779.158 Thread 0x000002a82c0099c0 Unloading class 0x000002a813822488 'config_cfd8i078zf0mg1jhbpfn3s9b3$safeExtGet$2'
Event: 16779.158 Thread 0x000002a82c0099c0 Unloading class 0x000002a813822000 'config_cfd8i078zf0mg1jhbpfn3s9b3$getPropertyOfDefault$1'
Event: 16779.159 Thread 0x000002a82c0099c0 Unloading class 0x000002a8138b0800 'config_cfd8i078zf0mg1jhbpfn3s9b3$getKspVersion$0'
Event: 16779.159 Thread 0x000002a82c0099c0 Unloading class 0x000002a813497800 'config_cfd8i078zf0mg1jhbpfn3s9b3$getKotlinVersion'

Classes redefined (0 events):
No events

Internal exceptions (20 events):
Event: 16776.582 Thread 0x000002a83d3737d0 Exception <a 'sun/nio/fs/WindowsException'{0x00000000d47b68e0}> (0x00000000d47b68e0) 
thrown [s\src\hotspot\share\prims\jni.cpp, line 516]
Event: 16778.389 Thread 0x000002a83d3737d0 Exception <a 'sun/nio/fs/WindowsException'{0x00000000d3e7d378}> (0x00000000d3e7d378) 
thrown [s\src\hotspot\share\prims\jni.cpp, line 516]
Event: 16809.658 Thread 0x000002a83d3737d0 Exception <a 'java/lang/ClassNotFoundException'{0x00000000cfaa3eb0}: groovy/runtime/metaclass/[Ljava/lang/String;MetaClass> (0x00000000cfaa3eb0) 
thrown [s\src\hotspot\share\prims\jni.cpp, line 535]
Event: 16819.587 Thread 0x000002a83d3737d0 Exception <a 'sun/nio/fs/WindowsException'{0x00000000d4d1ceb8}> (0x00000000d4d1ceb8) 
thrown [s\src\hotspot\share\prims\jni.cpp, line 516]
Event: 16819.588 Thread 0x000002a83d3737d0 Exception <a 'sun/nio/fs/WindowsException'{0x00000000d4d1e3d8}> (0x00000000d4d1e3d8) 
thrown [s\src\hotspot\share\prims\jni.cpp, line 516]
Event: 16819.588 Thread 0x000002a83d3737d0 Exception <a 'sun/nio/fs/WindowsException'{0x00000000d4d1f948}> (0x00000000d4d1f948) 
thrown [s\src\hotspot\share\prims\jni.cpp, line 516]
Event: 16819.588 Thread 0x000002a83d3737d0 Exception <a 'sun/nio/fs/WindowsException'{0x00000000d4d20eb8}> (0x00000000d4d20eb8) 
thrown [s\src\hotspot\share\prims\jni.cpp, line 516]
Event: 16820.928 Thread 0x000002a847f23130 Exception <a 'java/lang/NoSuchMethodError'{0x00000000d5b846f8}: static Lcom/android/build/api/variant/BuildConfigField;.<clinit>()V> (0x00000000d5b846f8) 
thrown [s\src\hotspot\share\prims\jni.cpp, line 1112]
Event: 16820.948 Thread 0x000002a83dfaa600 Exception <a 'java/io/IOException'{0x00000000d5cf0e98}> (0x00000000d5cf0e98) 
thrown [s\src\hotspot\share\prims\jni.cpp, line 516]
Event: 16821.240 Thread 0x000002a847f24570 Exception <a 'java/lang/NoSuchMethodError'{0x00000000d50bc1e8}: static Lcom/android/build/api/variant/impl/ResValueKeyImpl;.<clinit>()V> (0x00000000d50bc1e8) 
thrown [s\src\hotspot\share\prims\jni.cpp, line 1112]
Event: 16821.240 Thread 0x000002a847f24570 Exception <a 'java/lang/NoSuchMethodError'{0x00000000d50ce580}: static Lcom/android/build/api/variant/ResValue;.<clinit>()V> (0x00000000d50ce580) 
thrown [s\src\hotspot\share\prims\jni.cpp, line 1112]
Event: 16821.242 Thread 0x000002a847f24570 Exception <a 'sun/nio/fs/WindowsException'{0x00000000d4f2d120}> (0x00000000d4f2d120) 
thrown [s\src\hotspot\share\prims\jni.cpp, line 516]
Event: 16821.246 Thread 0x000002a847f24570 Exception <a 'sun/nio/fs/WindowsException'{0x00000000d4fc3768}> (0x00000000d4fc3768) 
thrown [s\src\hotspot\share\prims\jni.cpp, line 516]
Event: 16821.251 Thread 0x000002a847f24570 Exception <a 'sun/nio/fs/WindowsException'{0x00000000d4e56428}> (0x00000000d4e56428) 
thrown [s\src\hotspot\share\prims\jni.cpp, line 516]
Event: 16821.255 Thread 0x000002a847f24570 Exception <a 'sun/nio/fs/WindowsException'{0x00000000d4ef75e0}> (0x00000000d4ef75e0) 
thrown [s\src\hotspot\share\prims\jni.cpp, line 516]
Event: 16821.259 Thread 0x000002a847f24570 Exception <a 'sun/nio/fs/WindowsException'{0x00000000d4d819b0}> (0x00000000d4d819b0) 
thrown [s\src\hotspot\share\prims\jni.cpp, line 516]
Event: 16821.261 Thread 0x000002a847f24570 Exception <a 'sun/nio/fs/WindowsException'{0x00000000d4c0a7c8}> (0x00000000d4c0a7c8) 
thrown [s\src\hotspot\share\prims\jni.cpp, line 516]
Event: 16821.264 Thread 0x000002a847f24570 Exception <a 'sun/nio/fs/WindowsException'{0x00000000d4c93cc0}> (0x00000000d4c93cc0) 
thrown [s\src\hotspot\share\prims\jni.cpp, line 516]
Event: 16821.270 Thread 0x000002a847f24570 Exception <a 'sun/nio/fs/WindowsException'{0x00000000d4b215c0}> (0x00000000d4b215c0) 
thrown [s\src\hotspot\share\prims\jni.cpp, line 516]
Event: 16821.273 Thread 0x000002a847f24570 Exception <a 'sun/nio/fs/WindowsException'{0x00000000d4badd30}> (0x00000000d4badd30) 
thrown [s\src\hotspot\share\prims\jni.cpp, line 516]

VM Operations (20 events):
Event: 16804.244 Executing VM operation: G1CollectForAllocation
Event: 16804.533 Executing VM operation: G1CollectForAllocation done
Event: 16806.534 Executing VM operation: Cleanup
Event: 16806.534 Executing VM operation: Cleanup done
Event: 16808.535 Executing VM operation: Cleanup
Event: 16808.535 Executing VM operation: Cleanup done
Event: 16809.535 Executing VM operation: Cleanup
Event: 16809.540 Executing VM operation: Cleanup done
Event: 16809.661 Executing VM operation: G1CollectForAllocation
Event: 16809.796 Executing VM operation: G1CollectForAllocation done
Event: 16811.796 Executing VM operation: Cleanup
Event: 16811.796 Executing VM operation: Cleanup done
Event: 16818.752 Executing VM operation: G1CollectForAllocation
Event: 16818.792 Executing VM operation: G1CollectForAllocation done
Event: 16819.336 Executing VM operation: G1CollectForAllocation
Event: 16819.379 Executing VM operation: G1CollectForAllocation done
Event: 16819.851 Executing VM operation: G1CollectForAllocation
Event: 16819.998 Executing VM operation: G1CollectForAllocation done
Event: 16820.528 Executing VM operation: G1CollectForAllocation
Event: 16820.742 Executing VM operation: G1CollectForAllocation done

Memory protections (0 events):
No events

Nmethod flushes (20 events):
Event: 16799.959 Thread 0x000002a82c04ce50 flushing  nmethod 0x000002a805bf0d90
Event: 16799.959 Thread 0x000002a82c04ce50 flushing  nmethod 0x000002a805c5cb90
Event: 16799.959 Thread 0x000002a82c04ce50 flushing  nmethod 0x000002a805c5f290
Event: 16799.959 Thread 0x000002a82c04ce50 flushing  nmethod 0x000002a805c69990
Event: 16799.959 Thread 0x000002a82c04ce50 flushing  nmethod 0x000002a805c86590
Event: 16799.959 Thread 0x000002a82c04ce50 flushing  nmethod 0x000002a805c86c90
Event: 16799.959 Thread 0x000002a82c04ce50 flushing  nmethod 0x000002a805c87790
Event: 16799.959 Thread 0x000002a82c04ce50 flushing  nmethod 0x000002a805c8db90
Event: 16799.959 Thread 0x000002a82c04ce50 flushing  nmethod 0x000002a805cdba90
Event: 16799.959 Thread 0x000002a82c04ce50 flushing  nmethod 0x000002a805ce3590
Event: 16799.959 Thread 0x000002a82c04ce50 flushing  nmethod 0x000002a805d09110
Event: 16799.959 Thread 0x000002a82c04ce50 flushing  nmethod 0x000002a805d1f010
Event: 16799.959 Thread 0x000002a82c04ce50 flushing  nmethod 0x000002a805d20690
Event: 16799.959 Thread 0x000002a82c04ce50 flushing  nmethod 0x000002a805d24790
Event: 16799.959 Thread 0x000002a82c04ce50 flushing  nmethod 0x000002a805d4f890
Event: 16799.959 Thread 0x000002a82c04ce50 flushing  nmethod 0x000002a805d50790
Event: 16799.959 Thread 0x000002a82c04ce50 flushing  nmethod 0x000002a805d57490
Event: 16799.959 Thread 0x000002a82c04ce50 flushing osr nmethod 0x000002a805d66990
Event: 16799.959 Thread 0x000002a82c04ce50 flushing  nmethod 0x000002a805dcb210
Event: 16799.959 Thread 0x000002a82c04ce50 flushing  nmethod 0x000002a805dcbb90

Events (20 events):
Event: 16800.296 Thread 0x000002a83d3737d0 Thread added: 0x000002a84723e5f0
Event: 16800.296 Thread 0x000002a83d3737d0 Thread added: 0x000002a84723e0e0
Event: 16800.296 Thread 0x000002a83d3737d0 Thread added: 0x000002a847240960
Event: 16800.296 Thread 0x000002a83d3737d0 Thread added: 0x000002a847240e70
Event: 16800.297 Thread 0x000002a83d3737d0 Thread added: 0x000002a84723d6c0
Event: 16800.297 Thread 0x000002a83d3737d0 Thread added: 0x000002a84723f010
Event: 16800.297 Thread 0x000002a83d3737d0 Thread added: 0x000002a84725fec0
Event: 16800.794 Thread 0x000002a83d3737d0 Thread added: 0x000002a84725db50
Event: 16800.794 Thread 0x000002a83d3737d0 Thread added: 0x000002a84725e060
Event: 16800.794 Thread 0x000002a83d3737d0 Thread added: 0x000002a8472608e0
Event: 16800.821 Thread 0x000002a83d3737d0 Thread added: 0x000002a84725e570
Event: 16800.821 Thread 0x000002a83d3737d0 Thread added: 0x000002a8472603d0
Event: 16809.552 Thread 0x000002a83d3737d0 Thread added: 0x000002a834177f20
Event: 16809.557 Thread 0x000002a834177f20 Thread added: 0x000002a83d089a80
Event: 16809.557 Thread 0x000002a834177f20 Thread added: 0x000002a83d089f90
Event: 16809.914 Thread 0x000002a82c03e4f0 Thread added: 0x000002a833d35490
Event: 16815.029 Thread 0x000002a833d35490 Thread exited: 0x000002a833d35490
Event: 16820.423 Thread 0x000002a82c02b260 Thread added: 0x000002a84a4a87d0
Event: 16820.743 Thread 0x000002a84a4a87d0 Thread exited: 0x000002a84a4a87d0
Event: 16820.826 Thread 0x000002a847f23640 Thread added: 0x000002a83dfa9be0


Dynamic libraries:
0x00007ff7bdb50000 - 0x00007ff7bdb5e000 	C:\Program Files\Microsoft\jdk-17.0.13.11-hotspot\bin\java.exe
0x00007ffd3c7d0000 - 0x00007ffd3c9c8000 	C:\WINDOWS\SYSTEM32\ntdll.dll
0x00007ffd3b930000 - 0x00007ffd3b9f2000 	C:\WINDOWS\System32\KERNEL32.DLL
0x00007ffd39f50000 - 0x00007ffd3a246000 	C:\WINDOWS\System32\KERNELBASE.dll
0x00007ffd3a6c0000 - 0x00007ffd3a7c0000 	C:\WINDOWS\System32\ucrtbase.dll
0x00007ffd19e30000 - 0x00007ffd19e47000 	C:\Program Files\Microsoft\jdk-17.0.13.11-hotspot\bin\jli.dll
0x00007ffd32450000 - 0x00007ffd3246d000 	C:\Program Files\Microsoft\jdk-17.0.13.11-hotspot\bin\VCRUNTIME140.dll
0x00007ffd3ada0000 - 0x00007ffd3af3d000 	C:\WINDOWS\System32\USER32.dll
0x00007ffd3a7c0000 - 0x00007ffd3a7e2000 	C:\WINDOWS\System32\win32u.dll
0x00007ffd26620000 - 0x00007ffd268ba000 	C:\WINDOWS\WinSxS\amd64_microsoft.windows.common-controls_6595b64144ccf1df_6.0.19041.5915_none_60b4b9d171f9c7c7\COMCTL32.dll
0x00007ffd3b5c0000 - 0x00007ffd3b5eb000 	C:\WINDOWS\System32\GDI32.dll
0x00007ffd3a3b0000 - 0x00007ffd3a4c9000 	C:\WINDOWS\System32\gdi32full.dll
0x00007ffd3c6f0000 - 0x00007ffd3c78e000 	C:\WINDOWS\System32\msvcrt.dll
0x00007ffd39e60000 - 0x00007ffd39efd000 	C:\WINDOWS\System32\msvcp_win.dll
0x00007ffd3bbf0000 - 0x00007ffd3bc1f000 	C:\WINDOWS\System32\IMM32.DLL
0x00007ffd19b60000 - 0x00007ffd19b6c000 	C:\Program Files\Microsoft\jdk-17.0.13.11-hotspot\bin\vcruntime140_1.dll
0x00007ffcdffb0000 - 0x00007ffce003d000 	C:\Program Files\Microsoft\jdk-17.0.13.11-hotspot\bin\msvcp140.dll
0x00007ffcbad80000 - 0x00007ffcbb9f1000 	C:\Program Files\Microsoft\jdk-17.0.13.11-hotspot\bin\server\jvm.dll
0x00007ffd3bb30000 - 0x00007ffd3bbe1000 	C:\WINDOWS\System32\ADVAPI32.dll
0x00007ffd3a930000 - 0x00007ffd3a9cf000 	C:\WINDOWS\System32\sechost.dll
0x00007ffd3ba00000 - 0x00007ffd3bb23000 	C:\WINDOWS\System32\RPCRT4.dll
0x00007ffd3a560000 - 0x00007ffd3a587000 	C:\WINDOWS\System32\bcrypt.dll
0x00007ffd3af40000 - 0x00007ffd3afab000 	C:\WINDOWS\System32\WS2_32.dll
0x00007ffd393f0000 - 0x00007ffd3943b000 	C:\WINDOWS\SYSTEM32\POWRPROF.dll
0x00007ffd2e9b0000 - 0x00007ffd2e9d7000 	C:\WINDOWS\SYSTEM32\WINMM.dll
0x00007ffd27710000 - 0x00007ffd2771a000 	C:\WINDOWS\SYSTEM32\VERSION.dll
0x00007ffd39260000 - 0x00007ffd39272000 	C:\WINDOWS\SYSTEM32\UMPDC.dll
0x00007ffd37d00000 - 0x00007ffd37d12000 	C:\WINDOWS\SYSTEM32\kernel.appcore.dll
0x00007ffd19b50000 - 0x00007ffd19b5a000 	C:\Program Files\Microsoft\jdk-17.0.13.11-hotspot\bin\jimage.dll
0x00007ffd27040000 - 0x00007ffd27241000 	C:\WINDOWS\SYSTEM32\DBGHELP.DLL
0x00007ffd25b30000 - 0x00007ffd25b64000 	C:\WINDOWS\SYSTEM32\dbgcore.DLL
0x00007ffd3a4d0000 - 0x00007ffd3a552000 	C:\WINDOWS\System32\bcryptPrimitives.dll
0x00007ffd374d0000 - 0x00007ffd374de000 	C:\Program Files\Microsoft\jdk-17.0.13.11-hotspot\bin\instrument.dll
0x00007ffd12060000 - 0x00007ffd12085000 	C:\Program Files\Microsoft\jdk-17.0.13.11-hotspot\bin\java.dll
0x00007ffcc05e0000 - 0x00007ffcc06b7000 	C:\Program Files\Microsoft\jdk-17.0.13.11-hotspot\bin\jsvml.dll
0x00007ffd3bc20000 - 0x00007ffd3c38e000 	C:\WINDOWS\System32\SHELL32.dll
0x00007ffd37f00000 - 0x00007ffd386a4000 	C:\WINDOWS\SYSTEM32\windows.storage.dll
0x00007ffd3c390000 - 0x00007ffd3c6e3000 	C:\WINDOWS\System32\combase.dll
0x00007ffd39890000 - 0x00007ffd398bb000 	C:\WINDOWS\SYSTEM32\Wldp.dll
0x00007ffd3b860000 - 0x00007ffd3b92d000 	C:\WINDOWS\System32\OLEAUT32.dll
0x00007ffd3b4f0000 - 0x00007ffd3b59d000 	C:\WINDOWS\System32\SHCORE.dll
0x00007ffd3afc0000 - 0x00007ffd3b01b000 	C:\WINDOWS\System32\shlwapi.dll
0x00007ffd39d90000 - 0x00007ffd39db5000 	C:\WINDOWS\SYSTEM32\profapi.dll
0x00007ffd14610000 - 0x00007ffd14628000 	C:\Program Files\Microsoft\jdk-17.0.13.11-hotspot\bin\zip.dll
0x00007ffd19990000 - 0x00007ffd199aa000 	C:\Program Files\Microsoft\jdk-17.0.13.11-hotspot\bin\net.dll
0x00007ffd33a20000 - 0x00007ffd33b2a000 	C:\WINDOWS\SYSTEM32\WINHTTP.dll
0x00007ffd395f0000 - 0x00007ffd3965a000 	C:\WINDOWS\system32\mswsock.dll
0x00007ffd14bf0000 - 0x00007ffd14c06000 	C:\Program Files\Microsoft\jdk-17.0.13.11-hotspot\bin\nio.dll
0x00007ffd197b0000 - 0x00007ffd197c0000 	C:\Program Files\Microsoft\jdk-17.0.13.11-hotspot\bin\verify.dll
0x00007ffd22630000 - 0x00007ffd22657000 	C:\Users\Websadroit\.gradle\native\1def1411415f61bf3af743bc5b6707747c0891f09f0c88961ee8f79bc544acac\windows-amd64\native-platform.dll
0x00007ffd170a0000 - 0x00007ffd17118000 	C:\Users\Websadroit\.gradle\native\0.2.7\x86_64-windows-gnu\gradle-fileevents.dll
0x00007ffd17a90000 - 0x00007ffd17a9a000 	C:\Program Files\Microsoft\jdk-17.0.13.11-hotspot\bin\management.dll
0x00007ffd14a50000 - 0x00007ffd14a5b000 	C:\Program Files\Microsoft\jdk-17.0.13.11-hotspot\bin\management_ext.dll
0x00007ffd3afb0000 - 0x00007ffd3afb8000 	C:\WINDOWS\System32\PSAPI.DLL
0x00007ffd39280000 - 0x00007ffd392bb000 	C:\WINDOWS\SYSTEM32\IPHLPAPI.DLL
0x00007ffd3b5b0000 - 0x00007ffd3b5b8000 	C:\WINDOWS\System32\NSI.dll
0x00007ffd34220000 - 0x00007ffd34237000 	C:\WINDOWS\SYSTEM32\dhcpcsvc6.DLL
0x00007ffd34770000 - 0x00007ffd3478d000 	C:\WINDOWS\SYSTEM32\dhcpcsvc.DLL
0x00007ffd392d0000 - 0x00007ffd3939a000 	C:\WINDOWS\SYSTEM32\DNSAPI.dll
0x00007ffd149f0000 - 0x00007ffd149f9000 	C:\Program Files\Microsoft\jdk-17.0.13.11-hotspot\bin\extnet.dll
0x00007ffd397f0000 - 0x00007ffd39808000 	C:\WINDOWS\SYSTEM32\CRYPTSP.dll
0x00007ffd38ea0000 - 0x00007ffd38ed8000 	C:\WINDOWS\system32\rsaenh.dll
0x00007ffd39d50000 - 0x00007ffd39d7e000 	C:\WINDOWS\SYSTEM32\USERENV.dll
0x00007ffd397e0000 - 0x00007ffd397ec000 	C:\WINDOWS\SYSTEM32\CRYPTBASE.dll
0x00007ffd13310000 - 0x00007ffd1331e000 	C:\Program Files\Microsoft\jdk-17.0.13.11-hotspot\bin\sunmscapi.dll
0x00007ffd3a250000 - 0x00007ffd3a3ad000 	C:\WINDOWS\System32\CRYPT32.dll
0x00007ffd39900000 - 0x00007ffd39927000 	C:\WINDOWS\SYSTEM32\ncrypt.dll
0x00007ffd398c0000 - 0x00007ffd398fb000 	C:\WINDOWS\SYSTEM32\NTASN1.dll
0x00007ffd351e0000 - 0x00007ffd351e7000 	C:\WINDOWS\system32\wshunix.dll
0x00007ffd390f0000 - 0x00007ffd39123000 	C:\WINDOWS\SYSTEM32\ntmarta.dll
0x00007ffd35ed0000 - 0x00007ffd35ed7000 	C:\Program Files\Microsoft\jdk-17.0.13.11-hotspot\bin\rmi.dll

dbghelp: loaded successfully - version: 4.0.5 - missing functions: none
symbol engine: initialized successfully - sym options: 0x614 - pdb path: .;C:\Program Files\Microsoft\jdk-17.0.13.11-hotspot\bin;C:\WINDOWS\SYSTEM32;C:\WINDOWS\WinSxS\amd64_microsoft.windows.common-controls_6595b64144ccf1df_6.0.19041.5915_none_60b4b9d171f9c7c7;C:\Program Files\Microsoft\jdk-17.0.13.11-hotspot\bin\server;C:\Users\Websadroit\.gradle\native\1def1411415f61bf3af743bc5b6707747c0891f09f0c88961ee8f79bc544acac\windows-amd64;C:\Users\Websadroit\.gradle\native\0.2.7\x86_64-windows-gnu

VM Arguments:
jvm_args: --add-opens=java.base/java.lang=ALL-UNNAMED --add-opens=java.base/java.lang.invoke=ALL-UNNAMED --add-opens=java.base/java.util=ALL-UNNAMED --add-opens=java.prefs/java.util.prefs=ALL-UNNAMED --add-exports=jdk.compiler/com.sun.tools.javac.api=ALL-UNNAMED --add-exports=jdk.compiler/com.sun.tools.javac.util=ALL-UNNAMED --add-opens=java.base/java.util=ALL-UNNAMED --add-opens=java.prefs/java.util.prefs=ALL-UNNAMED --add-opens=java.base/java.nio.charset=ALL-UNNAMED --add-opens=java.base/java.net=ALL-UNNAMED --add-opens=java.base/java.util.concurrent.atomic=ALL-UNNAMED --add-opens=java.xml/javax.xml.namespace=ALL-UNNAMED -XX:MaxMetaspaceSize=512m -Xmx2048m -Dfile.encoding=windows-1252 -Duser.country=IN -Duser.language=en -Duser.variant -javaagent:C:\Users\Websadroit\.gradle\wrapper\dists\gradle-8.14.1-bin\baw1sv0jfoi8rxs14qo3h49cs\gradle-8.14.1\lib\agents\gradle-instrumentation-agent-8.14.1.jar 
java_command: org.gradle.launcher.daemon.bootstrap.GradleDaemon 8.14.1
java_class_path (initial): C:\Users\Websadroit\.gradle\wrapper\dists\gradle-8.14.1-bin\baw1sv0jfoi8rxs14qo3h49cs\gradle-8.14.1\lib\gradle-daemon-main-8.14.1.jar
Launcher Type: SUN_STANDARD

[Global flags]
     intx CICompilerCount                          = 4                                         {product} {ergonomic}
   size_t CompressedClassSpaceSize                 = 436207616                                 {product} {ergonomic}
     uint ConcGCThreads                            = 2                                         {product} {ergonomic}
     uint G1ConcRefinementThreads                  = 8                                         {product} {ergonomic}
   size_t G1HeapRegionSize                         = 1048576                                   {product} {ergonomic}
    uintx GCDrainStackTargetSize                   = 64                                        {product} {ergonomic}
   size_t InitialHeapSize                          = 266338304                                 {product} {ergonomic}
   size_t MarkStackSize                            = 4194304                                   {product} {ergonomic}
   size_t MaxHeapSize                              = 2147483648                                {product} {command line}
   size_t MaxMetaspaceSize                         = 536870912                                 {product} {command line}
   size_t MaxNewSize                               = 1287651328                                {product} {ergonomic}
   size_t MinHeapDeltaBytes                        = 1048576                                   {product} {ergonomic}
   size_t MinHeapSize                              = 8388608                                   {product} {ergonomic}
    uintx NonNMethodCodeHeapSize                   = 5839372                                {pd product} {ergonomic}
    uintx NonProfiledCodeHeapSize                  = 122909434                              {pd product} {ergonomic}
    uintx ProfiledCodeHeapSize                     = 122909434                              {pd product} {ergonomic}
    uintx ReservedCodeCacheSize                    = 251658240                              {pd product} {ergonomic}
     bool SegmentedCodeCache                       = true                                      {product} {ergonomic}
   size_t SoftMaxHeapSize                          = 2147483648                             {manageable} {ergonomic}
     bool UseCompressedClassPointers               = true                           {product lp64_product} {ergonomic}
     bool UseCompressedOops                        = true                           {product lp64_product} {ergonomic}
     bool UseG1GC                                  = true                                      {product} {ergonomic}
     bool UseLargePagesIndividualAllocation        = false                                  {pd product} {ergonomic}

Logging:
Log output configuration:
 #0: stdout all=warning uptime,level,tags
 #1: stderr all=off uptime,level,tags

Environment Variables:
JAVA_HOME=C:\Program Files\Microsoft\jdk-17.0.13.11-hotspot\
PATH=E:\websadroit_work\wanderInn\WanderInn\node_modules\.bin;E:\websadroit_work\wanderInn\node_modules\.bin;E:\websadroit_work\node_modules\.bin;E:\node_modules\.bin;C:\Program Files\nodejs\node_modules\npm\node_modules\@npmcli\run-script\lib\node-gyp-bin;C:\Users\Websadroit\bin;C:\Program Files\Git\mingw64\bin;C:\Program Files\Git\usr\local\bin;C:\Program Files\Git\usr\bin;C:\Program Files\Git\usr\bin;C:\Program Files\Git\mingw64\bin;C:\Program Files\Git\usr\bin;C:\Users\Websadroit\bin;C:\Program Files\Microsoft\jdk-17.0.13.11-hotspot\bin;C:\WINDOWS\system32;C:\WINDOWS;C:\WINDOWS\System32\Wbem;C:\WINDOWS\System32\WindowsPowerShell\v1.0;C:\WINDOWS\System32\OpenSSH;C:\Program Files\dotnet;C:\Program Files\nodejs;C:\ProgramData\chocolatey\bin;C:\Users\Websadroit\AppData\Local\Android\Sdk\platform-tools;C:\Program Files\Git\cmd;C:\Program Files\MongoDB\Tools\100\bin;C:\Users\Websadroit\AppData\Local\Microsoft\WindowsApps;C:\Users\Websadroit\AppData\Local\Programs\Microsoft VS Code\bin;C:\Users\Websadroit\AppData\Local\Android\Sdk\platform-tools;C:\Users\Websadroit\AppData\Roaming\npm;C:\Users\Websadroit\AppData\Local\GitHubDesktop\bin;C:\Users\Websadroit\AppData\Local\Programs\mongosh;C:\Program Files\MongoDB\Tools\100\bin;C:\Users\Websadroit\AppData\Roaming\Code\User\globalStorage\github.copilot-chat\debugCommand;C:\Program Files\Git\usr\bin\vendor_perl;C:\Program Files\Git\usr\bin\core_perl
USERNAME=Websadroit
SHELL=C:\Program Files\Git\usr\bin\bash.exe
DISPLAY=needs-to-be-defined
LANG=en_US.UTF-8
TERM=xterm-256color
TMPDIR=C:\Users\WEBSAD~1\AppData\Local\Temp
OS=Windows_NT
PROCESSOR_IDENTIFIER=Intel64 Family 6 Model 151 Stepping 5, GenuineIntel
TMP=C:\Users\WEBSAD~1\AppData\Local\Temp
TEMP=C:\Users\WEBSAD~1\AppData\Local\Temp



Periodic native trim disabled


---------------  S Y S T E M  ---------------

OS:
 Windows 10 , 64 bit Build 19041 (10.0.19041.5915)
OS uptime: 2 days 6:01 hours

CPU: total 8 (initial active 8) (4 cores per cpu, 2 threads per core) family 6 model 151 stepping 5 microcode 0x2e, cx8, cmov, fxsr, ht, mmx, 3dnowpref, sse, sse2, sse3, ssse3, sse4.1, sse4.2, popcnt, lzcnt, tsc, tscinvbit, avx, avx2, aes, erms, clmul, bmi1, bmi2, adx, sha, fma, vzeroupper, clflush, clflushopt, clwb
Processor Information for the first 8 processors :
  Max Mhz: 3300, Current Mhz: 3300, Mhz Limit: 3300

Memory: 4k page, system-wide physical 16152M (753M free)
TotalPageFile size 35027M (AvailPageFile size 0M)
current process WorkingSet (physical memory assigned to process): 835M, peak: 1744M
current process commit charge ("private bytes"): 2100M, peak: 2313M

vm_info: OpenJDK 64-Bit Server VM (17.0.13+11-LTS) for windows-amd64 JRE (17.0.13+11-LTS), built on Oct 11 2024 23:25:05 by "MicrosoftCorporation" with unknown MS VC++:1939

END.
